Year,State,VEP Total Ballots Counted,VEP Highest Office,VAP Highest Office,Total Ballots Counted,Highest Office,Voting-Eligible Population (VEP),Voting-Age Population (VAP),
2014,Alabama,33.20%,32.90%,31.50%,"1,191,274","1,180,413","3,588,783","3,751,844",
2014,Alaska,54.80%,54.20%,51.00%,"285,431","282,382","520,562","553,473",
2014,Arizona,34.10%,33.40%,29.50%,"1,537,671","1,506,416","4,510,186","5,110,890",
2014,Arkansas,40.30%,40.10%,37.50%,"852,642","848,592","2,117,881","2,263,040",
2014,California,30.70%,29.90%,24.70%,"7,513,972","7,317,581","24,440,416","29,646,675",
2014,Colorado,54.70%,53.70%,49.40%,"2,080,071","2,041,020","3,800,664","4,128,890",
2014,Connecticut,42.50%,42.30%,38.50%,"1,096,556","1,089,880","2,577,311","2,828,791",
2014,Delaware,34.90%,34.30%,31.80%,"238,110","234,038","681,526","735,156",
2014,District of Columbia,35.70%,35.30%,32.00%,"177,176","175,071","495,899","547,228",
2014,Florida,43.30%,42.80%,37.60%,"6,026,802","5,951,561","13,914,216","15,816,663",
2014,Georgia,38.60%,38.20%,33.80%,"2,596,947","2,567,761","6,725,041","7,601,982",
2014,Hawaii,36.50%,36.20%,32.90%,"369,554","366,125","1,012,123","1,113,693",
2014,Idaho,39.80%,39.30%,36.50%,"445,307","439,830","1,119,882","1,205,611",
2014,Illinois,40.80%,40.20%,36.60%,"3,680,417","3,627,690","9,028,752","9,922,399",
2014,Indiana,28.70%,27.80%,26.70%,"1,387,622","1,341,814","4,829,510","5,033,872",
2014,Iowa,50.30%,49.80%,47.30%,"1,142,284","1,129,700","2,269,179","2,386,733",
2014,Kansas,43.30%,42.50%,39.80%,"887,023","869,502","2,048,164","2,184,712",
2014,Kentucky,44.90%,44.20%,42.20%,"1,459,409","1,435,868","3,247,300","3,406,506",
2014,Louisiana,44.90%,43.90%,41.50%,"1,503,975","1,472,039","3,349,433","3,545,845",
2014,Maine,58.70%,58.10%,57.00%,"616,996","611,255","1,051,557","1,071,521",
2014,Maryland,42.00%,41.70%,37.30%,"1,745,104","1,733,177","4,154,546","4,645,171",
2014,Massachusetts,44.70%,44.10%,40.20%,"2,186,789","2,158,326","4,896,296","5,369,534",
2014,Michigan,43.20%,42.70%,41.00%,"3,188,956","3,156,531","7,383,958","7,700,110",
2014,Minnesota,50.60%,50.40%,47.20%,"1,992,613","1,981,511","3,935,121","4,194,166",
2014,Mississippi,,29.00%,27.90%,,"631,858","2,181,131","2,267,463",
2014,Missouri,33.60%,31.70%,30.50%,"1,509,025","1,426,303","4,493,722","4,682,458",
2014,Montana,47.50%,46.90%,46.10%,"373,831","369,826","787,748","802,644",
2014,Nebraska,41.40%,40.50%,38.00%,"552,115","539,891","1,334,453","1,419,489",
2014,Nevada,29.60%,29.30%,25.20%,"552,546","547,349","1,867,644","2,173,640",
2014,New Hampshire,48.30%,47.60%,46.00%,"495,565","488,159","1,025,862","1,061,054",
2014,New Jersey,32.50%,31.10%,27.00%,"1,955,042","1,869,535","6,014,127","6,936,661",
2014,New Mexico,,35.40%,32.30%,,"512,805","1,449,503","1,586,442",
2014,New York,29.00%,28.20%,24.60%,"3,930,310","3,819,010","13,553,426","15,544,111",
2014,North Carolina,41.20%,40.80%,37.90%,"2,939,767","2,915,281","7,143,737","7,693,406",
2014,North Dakota,45.00%,43.80%,42.70%,"255,128","248,670","567,221","582,205",
2014,Ohio,36.20%,35.10%,34.10%,"3,149,876","3,055,913","8,701,243","8,969,074",
2014,Oklahoma,30.00%,29.90%,28.10%,"825,607","824,831","2,755,091","2,940,437",
2014,Oregon,53.40%,50.90%,47.20%,"1,541,782","1,469,717","2,887,517","3,115,883",
2014,Pennsylvania,36.50%,36.10%,34.60%,"3,535,576","3,495,866","9,689,491","10,100,271",
2014,Rhode Island,42.40%,41.70%,38.50%,"329,212","324,055","776,286","842,605",
2014,South Carolina,35.20%,34.80%,33.10%,"1,261,611","1,246,301","3,584,461","3,760,480",
2014,South Dakota,44.70%,44.30%,43.10%,"282,291","279,412","630,989","647,810",
2014,Tennessee,29.80%,28.60%,27.20%,"1,430,117","1,374,065","4,799,476","5,060,636",
2014,Texas,,28.30%,23.80%,,"4,727,208","16,675,420","19,847,831",
2014,Utah,30.30%,29.70%,27.50%,"577,973","565,970","1,905,801","2,054,936",
2014,Vermont,40.80%,38.90%,38.10%,"202,445","193,087","495,884","507,304",
2014,Virginia,36.80%,36.60%,33.70%,"2,194,346","2,184,473","5,962,456","6,489,957",
2014,Washington,43.10%,41.20%,37.10%,"2,123,901","2,029,189","4,928,407","5,467,270",
2014,West Virginia,32.00%,31.20%,30.70%,"462,864","451,498","1,447,652","1,472,594",
2014,Wisconsin,56.90%,56.60%,53.90%,"2,422,248","2,410,314","4,260,427","4,470,265",
2014,Wyoming,39.70%,39.00%,37.30%,"171,153","168,390","431,434","451,484",
2012,Alabama,,58.60%,56.00%,,"2,074,338","3,539,217","3,707,440",
2012,Alaska,58.90%,58.70%,55.30%,"301,694","300,495","511,792","543,763",
2012,Arizona,53.00%,52.60%,46.50%,"2,323,579","2,306,559","4,387,900","4,959,270",
2012,Arkansas,51.10%,50.70%,47.70%,"1,078,548","1,069,468","2,109,847","2,242,740",
2012,California,55.70%,55.10%,45.10%,"13,202,158","13,038,547","23,681,837","28,913,129",
2012,Colorado,70.60%,69.90%,64.50%,"2,596,173","2,569,522","3,675,871","3,981,208",
2012,Connecticut,61.40%,61.30%,55.60%,"1,560,640","1,558,960","2,543,202","2,801,375",
2012,Delaware,,62.30%,57.80%,,"413,921","663,967","715,708",
2012,District of Columbia,61.60%,61.50%,55.50%,"294,254","293,764","477,582","528,848",
2012,Florida,63.30%,62.80%,55.10%,"8,538,264","8,474,179","13,495,057","15,380,947",
2012,Georgia,59.30%,59.00%,52.30%,"3,919,355","3,900,050","6,606,607","7,452,696",
2012,Hawaii,44.50%,44.20%,39.90%,"437,159","434,697","982,902","1,088,335",
2012,Idaho,61.00%,59.80%,55.60%,"666,290","652,274","1,091,410","1,173,727",
2012,Illinois,59.30%,58.90%,53.30%,"5,279,752","5,242,014","8,899,143","9,827,043",
2012,Indiana,56.00%,55.20%,52.90%,"2,663,368","2,624,534","4,755,291","4,960,376",
2012,Iowa,70.60%,70.30%,67.10%,"1,589,951","1,582,180","2,251,748","2,356,209",
2012,Kansas,58.20%,56.90%,53.50%,"1,182,771","1,156,254","2,030,686","2,162,442",
2012,Kentucky,56.20%,55.70%,53.40%,"1,815,843","1,797,212","3,229,185","3,368,684",
2012,Louisiana,60.80%,60.20%,57.00%,"2,014,548","1,994,065","3,311,626","3,495,847",
2012,Maine,69.30%,68.20%,67.00%,"724,758","713,180","1,046,008","1,064,779",
2012,Maryland,67.30%,66.60%,59.50%,"2,734,062","2,707,327","4,063,582","4,553,853",
2012,Massachusetts,66.20%,65.90%,60.20%,"3,184,196","3,167,767","4,809,675","5,263,550",
2012,Michigan,65.40%,64.70%,62.00%,"4,780,701","4,730,961","7,312,725","7,625,576",
2012,Minnesota,76.40%,76.00%,71.40%,"2,950,780","2,936,561","3,861,598","4,114,820",
2012,Mississippi,,59.30%,57.20%,,"1,285,584","2,166,825","2,246,931",
2012,Missouri,,62.20%,59.60%,,"2,757,323","4,432,957","4,628,500",
2012,Montana,63.50%,62.50%,61.60%,"491,966","484,048","774,476","785,454",
2012,Nebraska,61.10%,60.30%,56.90%,"804,245","794,379","1,316,915","1,396,507",
2012,Nevada,56.50%,56.40%,48.20%,"1,016,664","1,014,918","1,800,969","2,105,976",
2012,New Hampshire,70.90%,70.20%,67.80%,"718,700","710,972","1,013,420","1,047,978",
2012,New Jersey,62.20%,61.50%,53.20%,"3,683,638","3,640,292","5,918,182","6,847,503",
2012,New Mexico,54.80%,54.60%,49.80%,"786,522","783,757","1,436,363","1,573,400",
2012,New York,53.50%,53.10%,46.10%,"7,128,852","7,074,723","13,324,107","15,344,671",
2012,North Carolina,65.40%,64.80%,60.10%,"4,542,488","4,505,372","6,947,954","7,496,980",
2012,North Dakota,60.40%,59.80%,58.70%,"325,564","322,627","539,164","549,955",
2012,Ohio,65.10%,64.50%,62.70%,"5,632,423","5,580,822","8,649,495","8,896,930",
2012,Oklahoma,,49.20%,46.30%,,"1,334,872","2,713,268","2,885,093",
2012,Oregon,64.20%,63.10%,58.70%,"1,820,507","1,789,270","2,836,101","3,050,747",
2012,Pennsylvania,,59.50%,57.20%,,"5,742,040","9,651,432","10,037,099",
2012,Rhode Island,,58.00%,53.40%,,"446,049","768,918","834,983",
2012,South Carolina,56.80%,56.30%,53.60%,"1,981,516","1,964,118","3,486,838","3,662,322",
2012,South Dakota,60.10%,59.30%,57.60%,"368,270","363,815","613,190","631,472",
2012,Tennessee,52.30%,51.90%,49.40%,"2,478,870","2,458,577","4,736,084","4,976,284",
2012,Texas,,49.60%,41.70%,,"7,993,851","16,119,973","19,185,395",
2012,Utah,56.10%,55.50%,51.40%,"1,028,786","1,017,440","1,833,339","1,978,956",
2012,Vermont,61.20%,60.70%,59.60%,"301,793","299,290","493,355","502,242",
2012,Virginia,66.60%,66.10%,60.70%,"3,888,186","3,854,489","5,834,676","6,348,827",
2012,Washington,65.80%,64.80%,58.60%,"3,172,939","3,125,516","4,822,060","5,329,782",
2012,West Virginia,,46.30%,45.50%,,"670,438","1,447,066","1,472,642",
2012,Wisconsin,,72.90%,69.50%,,"3,068,434","4,209,370","4,417,273",
2012,Wyoming,59.00%,58.60%,56.40%,"250,701","249,061","425,142","441,726",
2010,Alabama,43.30%,43.00%,40.80%,"1,503,232","1,494,273","3,472,582","3,661,784",
2010,Alaska,52.90%,51.90%,48.50%,"261,128","256,192","493,764","528,744",
2010,Arizona,41.60%,41.00%,35.90%,"1,750,840","1,727,791","4,209,544","4,807,398",
2010,Arkansas,37.90%,37.50%,35.30%,"789,773","781,333","2,081,156","2,216,171",
2010,California,45.90%,44.00%,35.80%,"10,529,134","10,095,485","22,946,053","28,167,234",
2010,Colorado,51.70%,50.60%,46.50%,"1,828,323","1,787,730","3,533,054","3,843,619",
2010,Connecticut,45.90%,45.90%,41.70%,"1,153,872","1,153,115","2,512,981","2,765,843",
2010,Delaware,49.00%,47.50%,44.10%,"316,754","307,402","646,969","696,940",
2010,District of Columbia,29.60%,28.90%,26.20%,"135,846","132,656","458,619","506,765",
2010,Florida,42.20%,41.70%,36.30%,"5,473,787","5,411,106","12,961,184","14,916,066",
2010,Georgia,40.60%,39.80%,35.50%,"2,623,035","2,576,161","6,464,845","7,255,919",
2010,Hawaii,40.30%,39.90%,36.00%,"386,302","382,563","959,531","1,062,593",
2010,Idaho,42.90%,42.30%,39.40%,"459,079","452,535","1,069,446","1,147,210",
2010,Illinois,43.10%,42.40%,38.30%,"3,792,770","3,729,989","8,798,829","9,735,944",
2010,Indiana,38.10%,37.10%,35.60%,"1,791,832","1,744,481","4,697,111","4,896,656",
2010,Iowa,50.70%,49.90%,47.90%,"1,133,429","1,116,063","2,234,516","2,328,262",
2010,Kansas,42.60%,41.70%,39.20%,"857,658","838,790","2,011,497","2,137,815",
2010,Kentucky,44.30%,42.40%,40.70%,"1,417,995","1,356,468","3,198,093","3,332,204",
2010,Louisiana,40.00%,38.90%,36.80%,"1,298,649","1,264,994","3,249,524","3,438,247",
2010,Maine,55.90%,55.20%,54.30%,"580,584","572,766","1,038,201","1,055,605",
2010,Maryland,46.70%,46.40%,41.80%,"1,868,179","1,857,880","4,001,034","4,449,617",
2010,Massachusetts,49.40%,48.90%,44.60%,"2,319,963","2,297,039","4,693,670","5,152,976",
2010,Michigan,45.10%,44.50%,42.70%,"3,268,217","3,226,088","7,245,281","7,555,742",
2010,Minnesota,55.80%,55.40%,52.10%,"2,123,369","2,107,021","3,802,677","4,041,199",
2010,Mississippi,,37.00%,35.50%,,"788,549","2,129,334","2,220,094",
2010,Missouri,45.70%,44.50%,42.40%,"1,997,271","1,943,899","4,366,435","4,581,260",
2010,Montana,48.40%,47.50%,46.80%,"367,096","360,341","758,653","770,601",
2010,Nebraska,38.70%,37.50%,35.50%,"503,514","487,988","1,301,483","1,375,023",
2010,Nevada,41.40%,41.30%,35.30%,"723,515","721,404","1,747,288","2,046,400",
2010,New Hampshire,46.10%,45.70%,44.20%,"461,423","456,588","999,918","1,033,023",
2010,New Jersey,37.70%,36.40%,31.40%,"2,200,974","2,121,584","5,834,037","6,750,869",
2010,New Mexico,44.70%,42.80%,38.80%,"630,013","602,827","1,408,872","1,552,212",
2010,New York,36.30%,35.50%,30.80%,"4,763,899","4,658,586","13,135,048","15,111,583",
2010,North Carolina,39.80%,39.20%,36.40%,"2,700,706","2,660,079","6,785,463","7,310,093",
2010,North Dakota,46.60%,46.20%,45.30%,"241,039","238,812","516,974","527,497",
2010,Ohio,46.20%,44.90%,43.60%,"3,956,028","3,852,453","8,571,952","8,826,908",
2010,Oklahoma,39.10%,38.80%,36.40%,"1,043,507","1,034,767","2,666,767","2,839,030",
2010,Oregon,53.90%,52.70%,48.70%,"1,487,210","1,453,548","2,760,607","2,984,806",
2010,Pennsylvania,42.40%,41.70%,40.10%,"4,055,336","3,987,551","9,565,822","9,946,290",
2010,Rhode Island,45.40%,44.80%,41.20%,"346,357","342,290","763,534","829,913",
2010,South Carolina,40.30%,39.70%,37.60%,"1,365,480","1,344,198","3,388,417","3,571,250",
2010,South Dakota,53.90%,52.90%,51.50%,"323,410","317,083","599,507","616,113",
2010,Tennessee,35.10%,34.60%,32.80%,"1,620,619","1,601,549","4,622,919","4,878,724",
2010,Texas,32.70%,32.10%,26.90%,"5,066,957","4,979,870","15,514,007","18,487,369",
2010,Utah,36.80%,36.30%,33.60%,"653,274","643,307","1,772,934","1,914,974",
2010,Vermont,49.80%,49.40%,48.50%,"243,617","241,605","488,942","498,254",
2010,Virginia,39.10%,38.70%,35.40%,"2,214,505","2,189,841","5,660,589","6,194,717",
2010,Washington,54.30%,53.20%,48.40%,"2,565,589","2,511,094","4,724,350","5,190,736",
2010,West Virginia,37.20%,36.80%,36.10%,"536,493","529,948","1,442,003","1,468,812",
2010,Wisconsin,52.40%,52.00%,49.70%,"2,185,021","2,171,331","4,172,130","4,365,214",
2010,Wyoming,46.00%,45.50%,43.80%,"190,822","188,463","414,536","430,673",
2008,Alabama,61.00%,60.80%,58.40%,"2,105,622","2,099,819","3,454,510","3,595,708",
2008,Alaska,68.30%,68.00%,64.30%,"327,341","326,197","479,429","507,645",
2008,Arizona,57.40%,56.70%,49.10%,"2,320,851","2,293,475","4,046,075","4,673,718",
2008,Arkansas,52.90%,52.50%,50.00%,"1,095,958","1,086,617","2,071,563","2,174,846",
2008,California,61.70%,60.90%,49.50%,"13,743,177","13,561,900","22,261,504","27,411,094",
2008,Colorado,71.60%,71.00%,64.70%,"2,422,236","2,401,361","3,382,959","3,708,955",
2008,Connecticut,,66.60%,60.40%,,"1,646,792","2,471,082","2,725,917",
2008,Delaware,65.80%,65.60%,60.60%,"413,562","412,398","628,200","680,493",
2008,District of Columbia,61.70%,61.50%,55.20%,"266,871","265,853","432,566","481,971",
2008,Florida,66.60%,66.10%,57.60%,"8,453,743","8,390,744","12,687,407","14,558,436",
2008,Georgia,62.70%,62.50%,55.60%,"3,940,705","3,924,440","6,281,872","7,063,638",
2008,Hawaii,49.00%,48.80%,43.80%,"456,064","453,568","930,067","1,036,088",
2008,Idaho,64.80%,63.60%,58.60%,"667,506","655,032","1,029,416","1,117,842",
2008,Illinois,64.30%,63.60%,57.40%,"5,578,195","5,523,051","8,681,138","9,615,700",
2008,Indiana,60.30%,59.10%,57.00%,"2,805,986","2,751,054","4,653,019","4,826,231",
2008,Iowa,69.70%,69.40%,66.90%,"1,543,662","1,537,123","2,216,094","2,298,515",
2008,Kansas,63.50%,62.00%,58.80%,"1,264,208","1,235,872","1,991,759","2,100,084",
2008,Kentucky,59.00%,57.90%,55.70%,"1,858,578","1,826,508","3,152,629","3,277,617",
2008,Louisiana,61.80%,61.20%,58.70%,"1,979,852","1,960,761","3,205,794","3,342,279",
2008,Maine,71.80%,70.60%,69.60%,"744,456","731,163","1,036,242","1,049,816",
2008,Maryland,67.80%,67.00%,60.60%,"2,661,905","2,631,596","3,925,117","4,342,850",
2008,Massachusetts,67.30%,66.80%,60.90%,"3,102,995","3,080,985","4,612,550","5,058,035",
2008,Michigan,69.70%,69.20%,66.40%,"5,039,080","5,001,766","7,229,512","7,528,460",
2008,Minnesota,78.10%,77.80%,73.20%,"2,921,147","2,910,369","3,740,142","3,975,974",
2008,Mississippi,,61.00%,58.90%,,"1,289,856","2,113,347","2,190,402",
2008,Missouri,68.20%,67.60%,64.90%,"2,950,504","2,925,205","4,327,572","4,507,688",
2008,Montana,67.10%,66.30%,65.10%,"497,599","491,960","741,853","755,384",
2008,Nebraska,63.70%,62.90%,59.40%,"811,923","801,281","1,274,719","1,348,048",
2008,Nevada,57.20%,57.00%,48.40%,"970,019","967,848","1,696,831","2,000,277",
2008,New Hampshire,72.50%,71.70%,69.60%,"719,643","710,970","992,226","1,021,787",
2008,New Jersey,67.70%,67.00%,58.20%,"3,910,220","3,868,237","5,776,527","6,651,284",
2008,New Mexico,61.20%,60.90%,55.10%,"833,365","830,158","1,362,629","1,505,830",
2008,New York,59.60%,59.00%,51.40%,"7,721,718","7,640,640","12,948,969","14,876,971",
2008,North Carolina,66.10%,65.50%,60.70%,"4,354,571","4,310,789","6,584,302","7,096,503",
2008,North Dakota,63.60%,62.70%,61.70%,"321,133","316,621","504,762","512,768",
2008,Ohio,67.80%,66.90%,65.10%,"5,773,777","5,698,260","8,513,079","8,757,453",
2008,Oklahoma,56.30%,55.80%,52.80%,"1,474,694","1,462,661","2,619,121","2,770,219",
2008,Oregon,68.30%,67.70%,62.70%,"1,845,251","1,827,864","2,700,327","2,916,246",
2008,Pennsylvania,64.20%,63.60%,61.30%,"6,071,357","6,012,692","9,457,942","9,813,664",
2008,Rhode Island,62.30%,61.80%,57.10%,"475,428","471,766","763,608","825,786",
2008,South Carolina,58.20%,58.00%,55.30%,"1,927,153","1,920,969","3,311,044","3,473,488",
2008,South Dakota,65.60%,64.70%,63.40%,"387,449","381,975","590,720","602,539",
2008,Tennessee,57.40%,57.00%,54.50%,"2,618,238","2,599,749","4,563,192","4,771,926",
2008,Texas,,54.10%,45.50%,,"8,077,795","14,929,810","17,756,112",
2008,Utah,57.10%,56.00%,51.80%,"971,185","952,370","1,700,286","1,840,087",
2008,Vermont,67.70%,67.30%,66.00%,"326,822","325,046","482,677","492,610",
2008,Virginia,67.60%,67.00%,61.80%,"3,753,059","3,723,260","5,555,415","6,022,123",
2008,Washington,67.30%,66.60%,60.30%,"3,071,587","3,036,878","4,561,163","5,032,960",
2008,West Virginia,51.20%,49.90%,49.10%,"731,691","713,362","1,430,439","1,453,045",
2008,Wisconsin,72.70%,72.40%,69.30%,"2,997,086","2,983,417","4,120,694","4,306,876",
2008,Wyoming,63.10%,62.80%,60.90%,"256,035","254,658","405,732","418,040",
2006,Alabama,,37.50%,35.90%,,"1,250,401","3,338,467","3,513,952",
2006,Alaska,51.20%,51.00%,47.80%,"238,307","237,322","465,169","492,452",
2006,Arizona,39.60%,38.90%,33.30%,"1,553,032","1,526,782","3,923,786","4,490,327",
2006,Arkansas,38.90%,38.70%,36.40%,"780,409","774,680","2,004,193","2,130,080",
2006,California,41.20%,40.20%,32.20%,"8,899,059","8,679,416","21,582,217","26,739,781",
2006,Colorado,48.10%,47.30%,43.10%,"1,586,105","1,558,405","3,297,308","3,569,901",
2006,Connecticut,47.70%,46.60%,42.50%,"1,162,391","1,134,780","2,437,559","2,683,538",
2006,Delaware,42.90%,42.30%,39.00%,"258,053","254,099","601,341","659,410",
2006,District of Columbia,28.70%,28.30%,25.50%,"122,356","120,620","426,612","466,827",
2006,Florida,40.10%,39.60%,34.30%,"4,884,544","4,829,270","12,187,858","14,211,669",
2006,Georgia,35.10%,34.70%,30.70%,"2,143,845","2,122,258","6,115,331","6,799,654",
2006,Hawaii,38.40%,37.90%,34.60%,"348,988","344,315","908,925","1,012,975",
2006,Idaho,46.20%,45.40%,42.00%,"458,927","450,832","993,010","1,072,895",
2006,Illinois,41.40%,40.20%,36.30%,"3,586,292","3,486,671","8,667,453","9,483,856",
2006,Indiana,37.70%,36.60%,35.20%,"1,719,351","1,666,922","4,559,294","4,743,856",
2006,Iowa,49.20%,48.10%,46.30%,"1,071,509","1,048,033","2,178,322","2,267,991",
2006,Kansas,44.30%,43.60%,41.10%,"864,083","849,700","1,948,850","2,062,668",
2006,Kentucky,44.20%,40.40%,39.00%,"1,370,062","1,253,526","3,100,828","3,218,000",
2006,Louisiana,31.40%,29.70%,28.30%,"954,896","902,498","3,043,573","3,239,317",
2006,Maine,,54.20%,53.30%,,"550,865","1,016,287","1,037,200",
2006,Maryland,47.20%,46.70%,42.20%,"1,809,237","1,788,316","3,833,349","4,261,205",
2006,Massachusetts,49.30%,48.80%,44.40%,"2,243,835","2,219,779","4,552,794","4,970,780",
2006,Michigan,52.80%,52.10%,49.90%,"3,852,008","3,801,256","7,292,624","7,532,918",
2006,Minnesota,60.50%,60.10%,56.40%,"2,217,552","2,202,987","3,667,707","3,896,561",
2006,Mississippi,,29.40%,28.50%,,"610,921","2,077,420","2,154,112",
2006,Missouri,51.20%,50.00%,48.10%,"2,178,278","2,128,459","4,253,541","4,427,266",
2006,Montana,57.10%,56.40%,55.60%,"411,061","406,505","720,447","734,669",
2006,Nebraska,48.80%,47.60%,45.10%,"610,499","596,087","1,251,027","1,325,932",
2006,Nevada,37.10%,36.90%,31.10%,"586,274","582,572","1,579,222","1,907,976",
2006,New Hampshire,42.90%,41.40%,39.90%,"418,550","403,531","975,281","1,006,234",
2006,New Jersey,40.60%,39.50%,34.10%,"2,315,643","2,250,070","5,701,033","6,565,183",
2006,New Mexico,43.10%,42.50%,38.60%,"568,597","561,084","1,320,285","1,464,560",
2006,New York,36.50%,34.90%,30.30%,"4,703,830","4,490,053","12,878,632","14,665,626",
2006,North Carolina,32.50%,31.00%,28.70%,"2,036,451","1,940,808","6,264,630","6,799,585",
2006,North Dakota,45.40%,44.90%,44.10%,"220,479","218,152","486,142","503,647",
2006,Ohio,49.50%,47.50%,46.30%,"4,184,072","4,022,754","8,461,211","8,687,609",
2006,Oklahoma,,36.40%,34.30%,,"926,462","2,547,224","2,709,819",
2006,Oregon,53.20%,52.50%,48.40%,"1,399,650","1,379,475","2,628,937","2,829,482",
2006,Pennsylvania,,44.10%,42.60%,,"4,096,077","9,283,762","9,680,466",
2006,Rhode Island,52.10%,51.00%,46.70%,"392,882","384,993","754,219","824,887",
2006,South Carolina,35.40%,34.60%,33.10%,"1,117,311","1,091,952","3,152,046","3,332,190",
2006,South Dakota,58.80%,57.80%,56.40%,"341,105","335,508","580,592","589,178",
2006,Tennessee,42.10%,41.40%,39.50%,"1,868,363","1,833,695","4,433,921","4,641,909",
2006,Texas,,30.90%,25.80%,,"4,399,068","14,255,313","17,029,802",
2006,Utah,35.00%,34.30%,31.80%,"582,561","571,252","1,664,323","1,752,158",
2006,Vermont,55.00%,54.90%,53.80%,"263,025","262,726","478,247","487,141",
2006,Virginia,44.50%,44.00%,40.60%,"2,398,589","2,370,445","5,385,522","5,867,219",
2006,Washington,47.30%,47.30%,42.70%,"2,085,074","2,083,734","4,403,981","4,861,001",
2006,West Virginia,33.80%,32.80%,32.30%,"473,014","459,884","1,401,490","1,439,052",
2006,Wisconsin,53.70%,53.20%,50.80%,"2,183,155","2,161,700","4,064,432","4,240,696",
2006,Wyoming,51.80%,51.10%,49.40%,"196,217","193,892","379,127","400,187",
2004,Alabama,57.40%,57.20%,55.20%,"1,890,317","1,883,415","3,292,608","3,427,542",
2004,Alaska,69.60%,69.10%,65.20%,"314,502","312,598","452,124","476,378",
2004,Arizona,54.80%,54.10%,47.00%,"2,038,069","2,012,585","3,717,055","4,215,706",
2004,Arkansas,54.40%,53.60%,51.00%,"1,070,573","1,054,945","1,969,208","2,072,986",
2004,California,59.60%,58.80%,47.10%,"12,589,367","12,421,852","21,132,533","26,246,548",
2004,Colorado,67.30%,66.70%,61.20%,"2,148,036","2,129,630","3,192,647","3,443,164",
2004,Connecticut,66.20%,65.00%,59.70%,"1,607,808","1,578,769","2,429,634","2,652,587",
2004,Delaware,64.50%,64.20%,59.40%,"377,407","375,190","584,817","635,370",
2004,District of Columbia,54.90%,54.30%,48.90%,"230,105","227,586","419,142","458,758",
2004,Florida,64.70%,64.40%,56.10%,"7,640,319","7,609,810","11,811,921","13,643,828",
2004,Georgia,56.40%,56.20%,50.00%,"3,317,336","3,301,875","5,878,186","6,499,325",
2004,Hawaii,48.50%,48.20%,44.10%,"431,662","429,013","889,540","982,882",
2004,Idaho,64.80%,63.20%,58.70%,"612,786","598,376","946,160","1,016,255",
2004,Illinois,62.40%,61.50%,55.70%,"5,350,493","5,274,322","8,576,696","9,391,420",
2004,Indiana,55.80%,54.80%,53.00%,"2,512,142","2,468,002","4,504,260","4,660,157",
2004,Iowa,70.60%,69.90%,67.40%,"1,521,966","1,506,908","2,156,389","2,239,979",
2004,Kansas,62.90%,61.60%,58.30%,"1,213,108","1,187,756","1,928,764","2,032,763",
2004,Kentucky,59.40%,58.70%,56.90%,"1,816,867","1,795,860","3,057,741","3,157,464",
2004,Louisiana,61.50%,61.10%,58.50%,"1,956,590","1,943,106","3,182,762","3,379,937",
2004,Maine,74.90%,73.80%,72.60%,"751,519","740,752","1,003,792","1,022,043",
2004,Maryland,63.10%,62.90%,57.20%,"2,395,791","2,386,705","3,797,264","4,179,376",
2004,Massachusetts,64.60%,64.20%,58.70%,"2,927,455","2,912,388","4,533,859","4,935,787",
2004,Michigan,67.10%,66.60%,63.90%,"4,875,692","4,839,252","7,263,024","7,508,568",
2004,Minnesota,78.80%,78.40%,73.90%,"2,842,912","2,828,387","3,609,185","3,819,020",
2004,Mississippi,,55.70%,54.20%,,"1,152,365","2,068,766","2,133,681",
2004,Missouri,66.10%,65.30%,62.90%,"2,764,635","2,731,364","4,180,960","4,339,414",
2004,Montana,65.20%,64.40%,63.40%,"456,096","450,445","699,114","711,858",
2004,Nebraska,64.10%,62.90%,59.80%,"792,906","778,186","1,236,522","1,305,430",
2004,Nevada,55.40%,55.30%,47.30%,"831,563","829,587","1,501,437","1,776,962",
2004,New Hampshire,71.50%,70.90%,68.40%,"683,672","677,738","956,422","984,422",
2004,New Jersey,64.20%,63.80%,55.20%,"3,638,153","3,611,691","5,663,201","6,513,394",
2004,New Mexico,60.40%,59.00%,53.90%,"775,301","756,304","1,282,767","1,411,419",
2004,New York,58.50%,58.00%,50.20%,"7,448,266","7,391,249","12,738,056","14,598,898",
2004,North Carolina,58.70%,57.80%,53.90%,"3,552,449","3,501,007","6,055,771","6,505,150",
2004,North Dakota,65.50%,64.80%,63.80%,"316,049","312,833","482,722","496,479",
2004,Ohio,67.90%,66.80%,65.10%,"5,722,443","5,627,908","8,427,696","8,624,277",
2004,Oklahoma,,58.30%,55.30%,,"1,463,758","2,510,823","2,649,994",
2004,Oregon,72.60%,72.00%,66.80%,"1,851,671","1,836,782","2,550,887","2,736,472",
2004,Pennsylvania,,62.60%,60.60%,,"5,769,590","9,221,962","9,554,349",
2004,Rhode Island,58.90%,58.50%,52.90%,"440,228","437,134","747,046","827,513",
2004,South Carolina,53.20%,53.00%,50.70%,"1,626,720","1,617,730","3,055,098","3,198,733",
2004,South Dakota,69.40%,68.20%,66.90%,"394,930","388,215","569,161","576,472",
2004,Tennessee,56.80%,56.30%,54.10%,"2,456,610","2,437,319","4,328,446","4,496,929",
2004,Texas,,53.70%,45.40%,,"7,410,765","13,796,256","16,284,659",
2004,Utah,59.80%,58.90%,54.70%,"942,010","927,844","1,574,463","1,664,066",
2004,Vermont,66.70%,66.30%,65.00%,"314,220","312,309","470,754","480,053",
2004,Virginia,61.10%,60.60%,56.20%,"3,223,156","3,198,367","5,277,156","5,699,175",
2004,Washington,67.50%,66.90%,60.80%,"2,883,499","2,859,084","4,272,914","4,683,829",
2004,West Virginia,55.10%,54.10%,53.40%,"769,645","755,887","1,396,545","1,425,689",
2004,Wisconsin,75.30%,74.80%,71.60%,"3,016,288","2,997,007","4,006,948","4,172,068",
2004,Wyoming,66.30%,65.70%,63.70%,"245,789","243,428","370,785","386,796",
2002,Alabama,,41.50%,40.40%,,"1,364,602","3,285,643","3,371,451",
2002,Alaska,54.50%,54.20%,51.00%,"232,852","231,484","427,337","457,154",
2002,Arizona,36.70%,35.90%,30.70%,"1,255,615","1,226,111","3,419,481","3,998,148",
2002,Arkansas,41.70%,41.30%,39.70%,"814,176","805,696","1,951,568","2,031,787",
2002,California,37.30%,36.10%,29.00%,"7,738,821","7,476,351","20,733,192","25,622,609",
2002,Colorado,46.60%,46.30%,42.00%,"1,424,029","1,416,093","3,056,465","3,362,098",
2002,Connecticut,45.10%,42.30%,38.90%,"1,090,756","1,022,942","2,418,037","2,617,814",
2002,Delaware,,41.10%,37.90%,,"232,314","564,938","612,919",
2002,District of Columbia,,30.10%,27.10%,,"124,228","412,062","458,631",
2002,Florida,45.90%,45.60%,39.50%,"5,143,674","5,100,581","11,194,391","13,005,435",
2002,Georgia,,35.40%,32.20%,,"2,031,604","5,731,983","6,287,215",
2002,Hawaii,44.20%,43.80%,40.20%,"385,462","382,110","872,992","950,520",
2002,Idaho,45.20%,44.70%,42.00%,"416,533","411,477","921,256","970,916",
2002,Illinois,42.80%,41.40%,37.70%,"3,651,808","3,538,883","8,540,965","9,302,571",
2002,Indiana,34.80%,33.90%,33.30%,"1,562,037","1,521,353","4,494,191","4,587,747",
2002,Iowa,48.70%,47.90%,45.70%,"1,040,201","1,023,075","2,136,683","2,214,936",
2002,Kansas,44.90%,44.00%,41.40%,"851,966","835,692","1,897,261","2,007,407",
2002,Kentucky,,37.20%,36.40%,,"1,131,313","3,044,267","3,100,972",
2002,Louisiana,40.10%,39.40%,37.80%,"1,267,225","1,246,333","3,163,663","3,312,330",
2002,Maine,,50.80%,50.10%,,"505,190","995,056","1,001,796",
2002,Maryland,46.80%,46.30%,41.60%,"1,721,626","1,704,560","3,678,346","4,082,694",
2002,Massachusetts,49.80%,49.20%,44.40%,"2,220,301","2,194,189","4,458,820","4,919,958",
2002,Michigan,45.00%,44.50%,42.30%,"3,219,864","3,177,565","7,147,888","7,445,335",
2002,Minnesota,,64.10%,59.70%,,"2,254,639","3,518,184","3,745,577",
2002,Mississippi,,30.10%,29.20%,,"615,609","2,047,426","2,099,698",
2002,Missouri,,45.60%,43.90%,,"1,877,620","4,116,889","4,262,146",
2002,Montana,49.70%,48.40%,47.70%,"340,272","331,321","684,572","690,652",
2002,Nebraska,,39.90%,37.30%,,"480,991","1,204,512","1,285,024",
2002,Nevada,36.80%,36.20%,31.10%,"512,433","504,079","1,391,100","1,640,679",
2002,New Hampshire,48.70%,48.10%,46.00%,"453,078","447,135","930,362","960,401",
2002,New Jersey,38.90%,38.10%,32.60%,"2,161,105","2,112,604","5,549,726","6,448,445",
2002,New Mexico,40.00%,38.60%,35.70%,"502,230","484,229","1,255,086","1,360,130",
2002,New York,37.00%,36.10%,31.40%,"4,690,968","4,579,078","12,679,865","14,504,792",
2002,North Carolina,,39.70%,37.20%,,"2,331,181","5,876,705","6,314,679",
2002,North Dakota,49.80%,48.50%,47.60%,"237,224","231,030","476,251","486,797",
2002,Ohio,40.30%,38.80%,37.60%,"3,356,285","3,228,992","8,322,521","8,556,557",
2002,Oklahoma,,41.20%,39.60%,,"1,035,620","2,513,143","2,610,016",
2002,Oregon,51.80%,50.80%,47.20%,"1,293,756","1,267,221","2,495,739","2,674,581",
2002,Pennsylvania,,38.80%,37.30%,,"3,545,431","9,143,001","9,454,338",
2002,Rhode Island,45.40%,44.70%,40.10%,"337,027","331,834","741,776","819,310",
2002,South Carolina,,36.90%,35.60%,,"1,102,010","2,982,810","3,100,548",
2002,South Dakota,61.20%,60.70%,59.70%,"340,407","337,497","556,154","564,305",
2002,Tennessee,,39.60%,37.30%,,"1,644,741","4,151,834","4,393,757",
2002,Texas,34.50%,34.20%,28.80%,"4,552,059","4,514,012","13,181,016","15,718,593",
2002,Utah,37.80%,37.00%,35.00%,"568,290","557,153","1,504,529","1,601,707",
2002,Vermont,49.40%,48.80%,48.10%,"232,993","230,161","471,403","472,402",
2002,Virginia,32.30%,29.00%,26.90%,"1,661,915","1,489,422","5,138,270","5,536,511",
2002,Washington,43.50%,41.80%,37.90%,"1,808,720","1,739,116","4,162,032","4,553,733",
2002,West Virginia,31.50%,31.20%,30.80%,"440,156","436,183","1,398,124","1,413,580",
2002,Wisconsin,,45.40%,43.20%,,"1,775,349","3,908,088","4,094,028",
2002,Wyoming,50.80%,50.10%,49.20%,"188,028","185,459","370,488","376,121",
2000,Alabama,,51.60%,50.10%,,"1,672,551","3,241,682","3,334,576",
2000,Alaska,68.70%,68.10%,65.00%,"287,825","285,560","419,111","440,296",
2000,Arizona,46.40%,45.60%,40.20%,"1,559,520","1,532,016","3,357,701","3,816,498",
2000,Arkansas,,47.90%,46.00%,,"921,781","1,925,961","2,001,774",
2000,California,56.60%,55.70%,44.10%,"11,142,843","10,965,849","19,685,258","24,867,252",
2000,Colorado,,57.50%,53.70%,,"1,741,368","3,026,316","3,246,521",
2000,Connecticut,62.50%,61.90%,56.60%,"1,474,103","1,459,525","2,357,687","2,575,243",
2000,Delaware,,59.00%,54.90%,,"327,529","554,863","594,256",
2000,District of Columbia,,48.30%,43.90%,,"201,355","416,696","458,301",
2000,Florida,57.50%,55.90%,47.90%,"6,138,765","5,963,110","10,667,193","12,475,387",
2000,Georgia,47.60%,45.80%,42.40%,"2,684,951","2,583,208","5,639,668","6,087,332",
2000,Hawaii,44.60%,44.20%,39.90%,"371,113","367,951","832,642","923,737",
2000,Idaho,58.90%,57.20%,53.50%,"516,647","501,615","877,406","935,443",
2000,Illinois,58.50%,56.20%,51.40%,"4,932,192","4,742,123","8,432,600","9,208,908",
2000,Indiana,50.80%,49.30%,48.30%,"2,246,348","2,182,295","4,424,909","4,527,523",
2000,Iowa,,63.20%,59.60%,,"1,315,563","2,082,950","2,199,529",
2000,Kansas,56.70%,55.60%,54.00%,"1,092,716","1,072,216","1,927,950","1,983,933",
2000,Kentucky,53.10%,52.20%,50.40%,"1,568,058","1,544,107","2,955,628","3,059,582",
2000,Louisiana,56.70%,56.40%,54.20%,"1,776,133","1,765,656","3,130,267","3,260,060",
2000,Maine,,67.20%,66.40%,,"651,817","969,292","979,314",
2000,Maryland,55.80%,55.50%,51.00%,"2,036,455","2,025,480","3,649,631","3,972,224",
2000,Massachusetts,60.60%,59.90%,55.40%,"2,736,006","2,704,984","4,517,052","4,870,470",
2000,Michigan,60.50%,59.90%,57.30%,"4,279,299","4,232,501","7,070,702","7,370,524",
2000,Minnesota,70.10%,69.50%,66.40%,"2,458,303","2,438,657","3,506,432","3,662,005",
2000,Mississippi,,49.10%,47.80%,,"994,184","2,024,650","2,076,861",
2000,Missouri,,58.20%,56.20%,,"2,359,892","4,052,255","4,190,073",
2000,Montana,62.60%,61.60%,60.60%,"417,916","410,986","667,525","676,065",
2000,Nebraska,57.80%,56.90%,55.00%,"707,223","696,983","1,224,178","1,266,496",
2000,Nevada,45.60%,45.20%,40.20%,"613,360","608,970","1,346,116","1,523,209",
2000,New Hampshire,65.00%,63.90%,60.70%,"578,656","569,081","890,622","934,176",
2000,New Jersey,58.80%,56.90%,50.10%,"3,293,378","3,187,226","5,601,788","6,356,954",
2000,New Mexico,49.90%,48.50%,45.40%,"615,607","598,605","1,234,088","1,318,129",
2000,New York,56.20%,55.10%,47.50%,"6,960,215","6,821,999","12,380,208","14,344,348",
2000,North Carolina,52.50%,50.70%,47.50%,"3,015,964","2,911,262","5,744,241","6,143,214",
2000,North Dakota,61.10%,60.30%,59.70%,"292,249","288,256","477,968","482,078",
2000,Ohio,57.80%,56.70%,55.40%,"4,795,989","4,705,457","8,295,592","8,487,355",
2000,Oklahoma,,49.90%,48.00%,,"1,234,229","2,475,220","2,568,304",
2000,Oregon,65.90%,64.90%,59.10%,"1,559,215","1,533,968","2,364,402","2,595,354",
2000,Pennsylvania,,54.10%,52.30%,,"4,912,185","9,086,897","9,375,146",
2000,Rhode Island,54.70%,54.20%,50.70%,"412,074","408,783","753,877","804,417",
2000,South Carolina,48.70%,47.00%,45.70%,"1,433,533","1,382,717","2,944,326","3,025,380",
2000,South Dakota,58.70%,57.70%,56.90%,"322,159","316,269","548,498","554,875",
2000,Tennessee,50.50%,49.90%,48.10%,"2,100,241","2,076,181","4,162,996","4,316,391",
2000,Texas,49.20%,49.20%,42.40%,"6,407,637","6,407,037","13,033,081","15,138,468",
2000,Utah,54.80%,53.80%,50.30%,"784,582","770,754","1,431,668","1,534,950",
2000,Vermont,64.70%,64.10%,63.10%,"297,146","294,308","459,174","463,503",
2000,Virginia,55.00%,54.00%,50.90%,"2,789,808","2,739,447","5,069,265","5,389,008",
2000,Washington,61.40%,60.70%,56.20%,"2,517,028","2,487,433","4,098,044","4,419,907",
2000,West Virginia,,46.60%,46.10%,,"648,124","1,390,365","1,405,021",
2000,Wisconsin,,67.60%,64.50%,,"2,598,607","3,842,044","4,016,401",
2000,Wyoming,61.40%,59.20%,58.20%,"221,685","213,726","361,078","366,639",
1998,Alabama,,41.20%,40.00%,,"1,317,842","3,202,052","3,293,917",
1998,Alaska,55.60%,54.60%,52.00%,"227,156","223,300","408,758","429,317",
1998,Arizona,32.10%,31.50%,28.00%,"1,037,550","1,017,616","3,232,815","3,628,841",
1998,Arkansas,,37.50%,36.20%,,"706,011","1,882,181","1,951,741",
1998,California,44.70%,43.50%,35.00%,"8,617,649","8,381,871","19,264,556","23,980,067",
1998,Colorado,,46.10%,43.00%,,"1,327,235","2,879,973","3,085,075",
1998,Connecticut,43.70%,42.70%,39.30%,"1,022,453","999,537","2,340,956","2,544,417",
1998,Delaware,,33.40%,31.30%,,"180,527","540,896","576,849",
1998,District of Columbia,34.50%,34.00%,29.90%,"137,523","135,501","398,318","452,668",
1998,Florida,38.40%,37.40%,33.00%,"4,070,262","3,965,751","10,590,870","12,001,902",
1998,Georgia,34.60%,33.70%,30.80%,"1,842,145","1,792,880","5,326,337","5,828,114",
1998,Hawaii,49.60%,49.00%,44.80%,"412,520","407,556","832,172","910,645",
1998,Idaho,45.80%,45.20%,42.50%,"386,720","381,248","843,914","896,422",
1998,Illinois,42.70%,41.00%,37.40%,"3,541,379","3,394,521","8,285,614","9,070,725",
1998,Indiana,37.20%,36.50%,35.60%,"1,618,689","1,588,617","4,348,730","4,457,578",
1998,Iowa,46.10%,45.30%,43.90%,"973,032","956,415","2,112,132","2,176,940",
1998,Kansas,39.70%,38.80%,37.20%,"743,288","727,236","1,873,438","1,955,236",
1998,Kentucky,41.50%,39.10%,38.20%,"1,215,053","1,145,414","2,930,780","2,999,287",
1998,Louisiana,32.00%,31.30%,30.10%,"990,243","969,165","3,097,660","3,216,121",
1998,Maine,,51.60%,50.80%,,"486,808","943,577","957,916",
1998,Maryland,43.60%,43.00%,39.60%,"1,556,994","1,535,978","3,571,087","3,879,108",
1998,Massachusetts,43.70%,43.00%,39.70%,"1,935,277","1,903,336","4,430,939","4,793,966",
1998,Michigan,44.90%,43.40%,41.70%,"3,143,432","3,036,886","7,005,306","7,276,123",
1998,Minnesota,62.30%,61.90%,58.80%,"2,105,343","2,091,766","3,378,089","3,555,108",
1998,Mississippi,,27.60%,27.00%,,"550,694","1,995,283","2,038,324",
1998,Missouri,,39.60%,38.40%,,"1,576,857","3,978,146","4,106,478",
1998,Montana,51.80%,50.70%,50.00%,"338,733","331,551","653,998","662,582",
1998,Nebraska,48.60%,45.50%,43.70%,"581,775","545,238","1,197,953","1,247,656",
1998,Nevada,35.70%,35.30%,31.10%,"440,042","435,790","1,233,386","1,402,851",
1998,New Hampshire,37.60%,36.30%,35.30%,"330,555","318,940","878,508","903,630",
1998,New Jersey,34.40%,32.90%,29.00%,"1,894,496","1,813,094","5,505,229","6,261,197",
1998,New Mexico,43.10%,41.60%,38.80%,"517,355","498,703","1,199,320","1,286,104",
1998,New York,40.70%,38.60%,33.50%,"4,989,877","4,735,236","12,263,356","14,139,223",
1998,North Carolina,,35.80%,33.80%,,"2,012,143","5,624,292","5,948,653",
1998,North Dakota,45.70%,44.90%,44.30%,"217,584","213,358","475,629","481,790",
1998,Ohio,42.90%,41.30%,40.40%,"3,534,782","3,404,351","8,237,516","8,424,249",
1998,Oklahoma,,36.20%,34.70%,,"873,585","2,415,036","2,518,285",
1998,Oregon,49.00%,47.20%,44.20%,"1,160,400","1,117,747","2,370,381","2,526,500",
1998,Pennsylvania,,33.30%,32.50%,,"3,025,152","9,075,961","9,314,795",
1998,Rhode Island,42.80%,42.30%,38.80%,"309,835","306,445","723,772","790,726",
1998,South Carolina,38.70%,38.10%,36.70%,"1,092,430","1,077,135","2,825,173","2,931,120",
1998,South Dakota,49.80%,49.00%,48.30%,"266,355","262,111","534,711","543,074",
1998,Tennessee,25.10%,23.90%,23.10%,"1,026,017","976,236","4,092,745","4,217,608",
1998,Texas,,29.90%,25.80%,,"3,738,078","12,490,423","14,504,988",
1998,Utah,36.70%,35.80%,33.70%,"506,553","494,909","1,381,989","1,467,078",
1998,Vermont,50.40%,49.00%,48.10%,"224,382","218,120","444,772","453,574",
1998,Virginia,,23.40%,22.00%,,"1,148,861","4,900,523","5,222,121",
1998,Washington,49.30%,48.40%,44.30%,"1,939,421","1,902,482","3,930,400","4,294,765",
1998,West Virginia,29.20%,25.30%,25.00%,"405,139","351,277","1,388,176","1,403,549",
1998,Wisconsin,,46.30%,44.60%,,"1,760,836","3,801,514","3,945,060",
1998,Wyoming,51.00%,49.90%,48.70%,"178,401","174,888","350,136","359,119",
1996,Alabama,,48.80%,47.50%,,"1,534,349","3,144,249","3,227,688",
1996,Alaska,60.70%,59.80%,57.00%,"245,212","241,620","404,180","423,702",
1996,Arizona,46.50%,45.60%,41.10%,"1,431,342","1,404,405","3,079,908","3,414,380",
1996,Arkansas,,47.90%,46.50%,,"884,262","1,844,689","1,903,094",
1996,California,55.00%,53.70%,43.40%,"10,263,490","10,019,484","18,644,593","23,076,427",
1996,Colorado,,54.50%,51.40%,,"1,510,704","2,770,252","2,939,929",
1996,Connecticut,60.40%,59.60%,55.10%,"1,410,746","1,392,614","2,337,160","2,528,212",
1996,Delaware,52.50%,51.20%,48.40%,"277,418","270,810","528,630","559,598",
1996,District of Columbia,47.40%,46.60%,41.30%,"189,210","185,726","398,839","450,182",
1996,Florida,53.30%,51.90%,46.10%,"5,444,245","5,300,927","10,219,294","11,509,122",
1996,Georgia,45.80%,44.40%,41.40%,"2,374,650","2,298,899","5,181,708","5,555,577",
1996,Hawaii,45.10%,43.90%,40.20%,"370,230","360,120","820,055","895,753",
1996,Idaho,61.60%,59.30%,57.20%,"508,030","489,481","825,329","856,420",
1996,Illinois,53.80%,52.50%,48.30%,"4,418,270","4,311,391","8,215,662","8,927,254",
1996,Indiana,51.00%,49.60%,48.60%,"2,195,224","2,135,431","4,302,745","4,397,367",
1996,Iowa,59.70%,58.80%,57.30%,"1,251,983","1,234,075","2,098,332","2,154,320",
1996,Kansas,57.80%,57.30%,55.30%,"1,073,520","1,063,452","1,856,507","1,922,601",
1996,Kentucky,49.30%,48.20%,47.30%,"1,419,592","1,388,707","2,880,808","2,938,362",
1996,Louisiana,58.40%,57.80%,56.40%,"1,804,640","1,783,959","3,087,693","3,163,302",
1996,Maine,,65.20%,64.20%,,"605,897","929,970","944,106",
1996,Maryland,50.80%,50.40%,46.70%,"1,793,991","1,780,870","3,530,148","3,817,454",
1996,Massachusetts,59.30%,58.40%,54.20%,"2,600,278","2,559,180","4,385,268","4,723,380",
1996,Michigan,56.30%,55.30%,53.40%,"3,912,261","3,848,844","6,954,059","7,201,527",
1996,Minnesota,66.60%,66.10%,63.10%,"2,211,161","2,192,640","3,319,509","3,473,117",
1996,Mississippi,,45.90%,45.00%,,"893,857","1,949,309","1,986,327",
1996,Missouri,,55.10%,53.50%,,"2,158,065","3,919,885","4,035,666",
1996,Montana,64.70%,63.10%,62.30%,"417,232","407,083","645,052","652,991",
1996,Nebraska,57.80%,57.00%,55.10%,"686,749","677,415","1,188,034","1,230,047",
1996,Nevada,41.20%,40.90%,36.50%,"467,657","464,279","1,134,065","1,271,617",
1996,New Hampshire,60.10%,58.30%,56.80%,"513,700","499,053","855,287","878,569",
1996,New Jersey,56.90%,56.40%,50.00%,"3,105,110","3,075,860","5,456,334","6,152,216",
1996,New Mexico,49.50%,47.40%,44.50%,"579,763","556,074","1,172,262","1,249,597",
1996,New York,52.90%,51.90%,45.30%,"6,439,129","6,316,129","12,175,850","13,942,462",
1996,North Carolina,,46.30%,44.00%,,"2,515,807","5,435,970","5,717,844",
1996,North Dakota,57.10%,56.00%,55.30%,"271,850","266,411","475,898","481,497",
1996,Ohio,56.70%,55.40%,54.20%,"4,638,108","4,534,434","8,185,999","8,366,250",
1996,Oklahoma,51.40%,51.00%,49.00%,"1,218,248","1,206,713","2,368,311","2,461,718",
1996,Oregon,60.60%,59.70%,56.30%,"1,399,180","1,377,760","2,309,051","2,445,442",
1996,Pennsylvania,,49.70%,48.50%,,"4,506,118","9,063,470","9,283,893",
1996,Rhode Island,,54.40%,49.90%,,"390,247","717,041","781,307",
1996,South Carolina,44.10%,42.20%,40.80%,"1,203,486","1,151,422","2,731,064","2,825,088",
1996,South Dakota,62.20%,61.10%,60.30%,"329,316","323,826","529,793","537,038",
1996,Tennessee,,47.50%,46.30%,,"1,894,105","3,984,092","4,094,014",
1996,Texas,,46.50%,40.40%,,"5,611,644","12,072,149","13,887,542",
1996,Utah,52.10%,50.20%,47.70%,"691,016","665,629","1,326,919","1,394,017",
1996,Vermont,60.00%,59.30%,58.20%,"261,469","258,449","435,687","443,874",
1996,Virginia,51.30%,50.20%,47.30%,"2,468,229","2,416,642","4,811,632","5,106,297",
1996,Washington,59.90%,58.90%,54.30%,"2,293,895","2,253,867","3,829,308","4,147,127",
1996,West Virginia,47.10%,45.90%,45.50%,"653,331","636,459","1,386,621","1,400,343",
1996,Wisconsin,,58.40%,56.50%,,"2,196,169","3,763,240","3,886,906",
1996,Wyoming,62.50%,61.30%,59.90%,"215,844","211,571","345,112","353,354",
1994,Alabama,,38.80%,37.90%,,"1,201,969","3,095,745","3,170,782",
1994,Alaska,54.20%,53.40%,51.20%,"216,668","213,404","399,435","417,053",
1994,Arizona,39.90%,39.10%,35.60%,"1,153,724","1,129,607","2,892,171","3,169,857",
1994,Arkansas,,39.80%,38.80%,,"716,840","1,801,161","1,849,361",
1994,California,48.20%,46.90%,38.10%,"8,900,593","8,658,881","18,479,124","22,721,586",
1994,Colorado,44.30%,42.10%,40.10%,"1,173,130","1,116,307","2,648,684","2,785,952",
1994,Connecticut,49.80%,49.10%,45.60%,"1,163,829","1,147,084","2,335,579","2,515,100",
1994,Delaware,39.30%,38.80%,36.80%,"201,560","199,029","512,941","540,474",
1994,District of Columbia,45.20%,44.60%,39.60%,"186,316","183,649","411,886","463,680",
1994,Florida,43.90%,42.90%,38.20%,"4,305,340","4,206,659","9,810,247","11,016,840",
1994,Georgia,,31.00%,29.20%,,"1,545,328","4,978,431","5,293,282",
1994,Hawaii,46.60%,45.60%,41.80%,"377,011","369,013","808,904","882,189",
1994,Idaho,53.50%,52.70%,51.00%,"419,330","413,346","784,076","809,957",
1994,Illinois,39.40%,38.00%,35.20%,"3,219,122","3,106,566","8,175,312","8,819,582",
1994,Indiana,38.00%,36.40%,35.80%,"1,609,481","1,543,568","4,235,008","4,315,664",
1994,Iowa,49.20%,48.00%,46.90%,"1,022,372","997,248","2,077,709","2,128,370",
1994,Kansas,45.50%,44.70%,43.40%,"836,251","820,846","1,837,694","1,893,521",
1994,Kentucky,29.20%,27.70%,27.20%,"827,541","784,299","2,829,881","2,879,413",
1994,Louisiana,29.40%,27.20%,26.60%,"893,758","826,837","3,038,660","3,109,456",
1994,Maine,,55.70%,54.90%,,"511,733","918,204","932,164",
1994,Maryland,41.30%,40.50%,37.60%,"1,437,450","1,410,299","3,480,270","3,751,305",
1994,Massachusetts,51.30%,50.10%,46.70%,"2,232,186","2,179,945","4,353,287","4,668,100",
1994,Michigan,46.30%,45.10%,43.60%,"3,177,740","3,089,077","6,856,388","7,081,498",
1994,Minnesota,55.20%,54.50%,52.40%,"1,794,618","1,772,929","3,253,779","3,385,687",
1994,Mississippi,32.60%,31.90%,31.40%,"621,096","608,085","1,903,794","1,935,054",
1994,Missouri,,46.00%,44.80%,,"1,775,116","3,858,946","3,958,762",
1994,Montana,57.80%,56.30%,55.70%,"359,455","350,387","622,246","629,335",
1994,Nebraska,51.00%,49.80%,48.20%,"593,654","579,561","1,164,502","1,201,826",
1994,Nevada,37.40%,36.90%,33.30%,"386,582","380,530","1,032,456","1,143,487",
1994,New Hampshire,38.50%,37.60%,36.60%,"319,443","311,882","829,590","851,104",
1994,New Jersey,39.50%,38.10%,33.90%,"2,131,328","2,054,887","5,392,423","6,059,401",
1994,New Mexico,43.10%,41.40%,39.10%,"485,709","467,621","1,128,243","1,195,183",
1994,New York,43.70%,42.70%,37.50%,"5,325,323","5,203,762","12,192,316","13,861,352",
1994,North Carolina,,30.30%,29.00%,,"1,588,190","5,244,552","5,477,604",
1994,North Dakota,51.30%,50.40%,49.90%,"240,430","236,547","468,989","473,993",
1994,Ohio,43.50%,42.30%,41.40%,"3,540,954","3,436,884","8,132,122","8,292,312",
1994,Oklahoma,43.10%,42.70%,41.30%,"1,002,363","995,012","2,327,519","2,410,272",
1994,Oregon,56.30%,54.80%,52.10%,"1,254,265","1,221,010","2,229,242","2,344,505",
1994,Pennsylvania,,39.60%,38.80%,,"3,585,526","9,043,585","9,241,090",
1994,Rhode Island,,50.50%,46.50%,,"361,377","716,002","776,723",
1994,South Carolina,35.70%,35.10%,34.00%,"951,901","934,886","2,663,830","2,747,987",
1994,South Dakota,61.30%,60.10%,59.40%,"318,090","311,613","518,815","524,910",
1994,Tennessee,,38.60%,37.70%,,"1,487,130","3,850,228","3,945,407",
1994,Texas,,37.50%,33.00%,,"4,396,242","11,719,888","13,334,014",
1994,Utah,42.70%,41.50%,39.80%,"532,737","517,790","1,248,726","1,302,522",
1994,Vermont,50.80%,49.50%,48.70%,"216,715","211,449","426,953","434,549",
1994,Virginia,,43.60%,41.30%,,"2,057,463","4,718,968","4,983,515",
1994,Washington,46.70%,45.80%,42.60%,"1,733,471","1,700,173","3,715,174","3,994,036",
1994,West Virginia,31.90%,30.50%,30.20%,"439,551","420,936","1,379,339","1,392,499",
1994,Wisconsin,,42.40%,41.20%,,"1,565,628","3,692,668","3,801,543",
1994,Wyoming,60.50%,59.80%,58.60%,"204,025","201,710","337,032","344,492",
1992,Alabama,,55.70%,54.50%,,"1,688,060","3,030,549","3,096,959",
1992,Alaska,67.10%,66.30%,63.60%,"261,427","258,506","389,898","406,653",
1992,Arizona,56.70%,55.70%,51.30%,"1,516,276","1,486,975","2,671,933","2,897,181",
1992,Arkansas,,54.30%,53.10%,,"950,653","1,751,083","1,789,420",
1992,California,61.60%,60.30%,49.30%,"11,374,565","11,131,721","18,460,157","22,573,381",
1992,Colorado,64.00%,62.90%,60.30%,"1,597,166","1,569,180","2,494,998","2,602,217",
1992,Connecticut,69.80%,68.60%,64.10%,"1,645,609","1,616,332","2,356,937","2,521,774",
1992,Delaware,58.30%,58.00%,55.30%,"290,836","289,735","499,266","523,661",
1992,District of Columbia,54.20%,53.30%,47.70%,"231,445","227,572","427,102","477,564",
1992,Florida,57.20%,55.90%,50.20%,"5,438,612","5,314,392","9,506,230","10,591,116",
1992,Georgia,,48.50%,45.90%,,"2,311,253","4,766,958","5,037,354",
1992,Hawaii,48.20%,46.90%,43.00%,"382,882","372,842","795,148","866,114",
1992,Idaho,66.90%,65.60%,63.80%,"491,725","482,142","734,855","756,119",
1992,Illinois,63.60%,62.20%,58.10%,"5,164,357","5,050,157","8,113,900","8,688,184",
1992,Indiana,56.40%,55.40%,54.50%,"2,347,912","2,305,871","4,162,678","4,230,602",
1992,Iowa,66.10%,65.80%,64.50%,"1,360,856","1,354,607","2,057,690","2,098,809",
1992,Kansas,64.10%,63.90%,62.30%,"1,161,044","1,157,335","1,810,750","1,857,444",
1992,Kentucky,,53.80%,53.00%,,"1,492,900","2,772,600","2,814,763",
1992,Louisiana,60.00%,59.70%,58.40%,"1,799,596","1,790,017","2,997,301","3,063,068",
1992,Maine,,74.30%,73.10%,,"679,499","915,082","928,998",
1992,Maryland,58.10%,57.70%,53.70%,"1,999,486","1,985,046","3,440,015","3,695,298",
1992,Massachusetts,64.90%,63.80%,59.80%,"2,822,962","2,773,700","4,346,897","4,640,629",
1992,Michigan,64.00%,63.00%,61.10%,"4,341,909","4,274,673","6,786,593","6,990,822",
1992,Minnesota,73.90%,73.70%,71.20%,"2,355,796","2,347,948","3,187,255","3,298,080",
1992,Mississippi,54.30%,52.90%,52.20%,"1,008,019","981,793","1,854,797","1,882,100",
1992,Missouri,,63.10%,61.60%,,"2,391,565","3,792,675","3,880,005",
1992,Montana,70.40%,69.20%,68.50%,"417,564","410,611","593,345","599,859",
1992,Nebraska,64.80%,64.20%,62.60%,"744,548","737,546","1,149,525","1,178,965",
1992,Nevada,54.60%,53.90%,49.30%,"513,387","506,318","940,066","1,028,056",
1992,New Hampshire,67.00%,66.10%,64.50%,"545,197","537,943","814,160","833,997",
1992,New Jersey,62.00%,61.90%,55.70%,"3,348,312","3,343,594","5,398,559","6,000,364",
1992,New Mexico,55.00%,53.10%,50.40%,"590,901","569,986","1,073,421","1,131,081",
1992,New York,57.80%,56.60%,50.20%,"7,068,630","6,926,925","12,227,775","13,799,670",
1992,North Carolina,,51.40%,49.70%,,"2,611,850","5,077,494","5,259,564",
1992,North Dakota,68.10%,66.60%,66.00%,"315,199","308,133","462,631","467,130",
1992,Ohio,62.50%,61.30%,60.20%,"5,043,094","4,939,967","8,063,595","8,208,502",
1992,Oklahoma,63.50%,60.60%,58.80%,"1,455,635","1,390,359","2,293,931","2,366,029",
1992,Oregon,69.90%,68.20%,65.30%,"1,498,959","1,462,643","2,144,867","2,241,507",
1992,Pennsylvania,,54.90%,53.90%,,"4,949,810","9,010,940","9,188,416",
1992,Rhode Island,,62.80%,58.20%,,"453,471","721,593","779,266",
1992,South Carolina,47.30%,46.10%,44.80%,"1,234,712","1,202,527","2,610,725","2,683,852",
1992,South Dakota,,66.70%,66.10%,,"336,254","503,759","508,841",
1992,Tennessee,,53.20%,52.00%,,"1,982,638","3,726,024","3,811,036",
1992,Texas,,54.20%,48.30%,,"6,154,018","11,356,487","12,747,860",
1992,Utah,67.50%,64.00%,61.80%,"784,988","743,999","1,162,363","1,203,861",
1992,Vermont,69.70%,69.00%,67.90%,"292,797","289,701","419,810","426,860",
1992,Virginia,,55.40%,52.70%,,"2,558,665","4,622,125","4,856,799",
1992,Washington,65.00%,64.00%,59.80%,"2,324,907","2,288,230","3,575,852","3,827,227",
1992,West Virginia,,50.10%,49.60%,,"683,762","1,365,368","1,377,282",
1992,Wisconsin,,69.90%,68.20%,,"2,531,114","3,619,273","3,712,414",
1992,Wyoming,62.80%,61.90%,60.60%,"203,602","200,617","324,253","331,170",
1990,Alabama,,41.10%,40.40%,,"1,215,889","2,956,385","3,012,797",
1990,Alaska,54.20%,53.40%,51.30%,"197,540","194,750","364,419","379,863",
1990,Arizona,43.40%,41.80%,39.00%,"1,094,735","1,055,406","2,523,614","2,705,468",
1990,Arkansas,,40.70%,39.90%,,"696,209","1,710,799","1,742,746",
1990,California,43.50%,42.40%,34.90%,"7,899,131","7,699,420","18,156,500","22,061,053",
1990,Colorado,44.20%,43.20%,41.80%,"1,046,139","1,022,027","2,366,650","2,447,513",
1990,Connecticut,48.60%,47.90%,45.00%,"1,159,361","1,141,101","2,383,795","2,538,398",
1990,Delaware,37.80%,37.00%,35.50%,"183,977","180,152","486,760","507,016",
1990,District of Columbia,38.90%,38.30%,34.50%,"171,677","169,066","441,742","489,808",
1990,Florida,,38.60%,34.80%,,"3,530,871","9,145,312","10,137,720",
1990,Georgia,,31.60%,30.20%,,"1,449,652","4,588,953","4,803,269",
1990,Hawaii,45.90%,45.40%,41.70%,"354,144","349,666","770,836","838,633",
1990,Idaho,47.60%,46.50%,45.30%,"328,340","320,610","690,154","707,535",
1990,Illinois,42.60%,40.60%,38.20%,"3,420,720","3,257,410","8,029,525","8,535,069",
1990,Indiana,38.40%,36.80%,36.30%,"1,566,371","1,502,687","4,080,236","4,135,602",
1990,Iowa,49.50%,48.40%,47.60%,"1,004,908","983,933","2,030,935","2,065,490",
1990,Kansas,45.20%,44.10%,43.20%,"805,251","786,096","1,783,412","1,821,368",
1990,Kentucky,,33.60%,33.20%,,"916,010","2,722,356","2,755,670",
1990,Louisiana,,47.20%,46.20%,,"1,396,113","2,959,148","3,020,682",
1990,Maine,,57.30%,56.50%,,"522,181","910,982","924,839",
1990,Maryland,34.50%,32.70%,30.60%,"1,170,867","1,111,088","3,397,126","3,632,477",
1990,Massachusetts,55.30%,53.40%,50.30%,"2,424,579","2,341,990","4,384,671","4,660,342",
1990,Michigan,39.50%,38.30%,37.30%,"2,641,649","2,564,563","6,693,069","6,872,954",
1990,Minnesota,58.80%,57.60%,56.00%,"1,843,104","1,806,777","3,136,830","3,225,335",
1990,Mississippi,,20.20%,19.90%,,"368,502","1,824,156","1,850,099",
1990,Missouri,,36.20%,35.40%,,"1,352,552","3,740,308","3,821,136",
1990,Montana,57.00%,55.70%,55.10%,"326,652","319,336","573,045","579,158",
1990,Nebraska,53.40%,52.50%,51.40%,"604,195","593,828","1,131,746","1,154,859",
1990,Nevada,38.00%,37.40%,34.60%,"325,959","320,743","858,018","926,572",
1990,New Hampshire,37.80%,36.20%,35.40%,"307,700","294,819","814,549","832,887",
1990,New Jersey,36.80%,35.70%,32.60%,"1,998,894","1,938,454","5,429,251","5,951,541",
1990,New Mexico,41.80%,40.00%,38.20%,"429,509","411,236","1,026,902","1,076,522",
1990,New York,35.00%,33.10%,29.50%,"4,290,261","4,056,896","12,271,903","13,742,688",
1990,North Carolina,,41.90%,40.80%,,"2,069,585","4,938,968","5,073,437",
1990,North Dakota,52.00%,50.70%,50.20%,"240,301","233,973","461,711","465,851",
1990,Ohio,45.40%,43.60%,42.90%,"3,620,469","3,477,650","7,975,680","8,103,382",
1990,Oklahoma,41.30%,40.50%,39.40%,"929,639","911,314","2,251,719","2,313,340",
1990,Oregon,55.10%,54.10%,52.10%,"1,133,125","1,112,847","2,057,833","2,137,314",
1990,Pennsylvania,,34.10%,33.50%,,"3,052,760","8,962,083","9,120,122",
1990,Rhode Island,51.70%,50.20%,46.60%,"375,188","364,052","725,084","780,448",
1990,South Carolina,31.30%,30.00%,29.30%,"793,614","760,965","2,537,384","2,598,170",
1990,South Dakota,,52.30%,51.90%,,"258,976","494,849","499,072",
1990,Tennessee,,21.80%,21.40%,,"790,441","3,624,940","3,693,970",
1990,Texas,,35.30%,31.80%,,"3,892,746","11,034,190","12,232,761",
1990,Utah,42.20%,40.70%,39.60%,"457,983","442,213","1,086,050","1,116,922",
1990,Vermont,52.30%,50.90%,50.10%,"217,384","211,422","415,564","422,130",
1990,Virginia,,25.50%,24.50%,,"1,152,854","4,512,504","4,715,129",
1990,Washington,39.80%,38.40%,36.10%,"1,362,651","1,313,217","3,421,256","3,634,031",
1990,West Virginia,,30.00%,29.80%,,"404,305","1,347,723","1,358,773",
1990,Wisconsin,,39.00%,38.10%,,"1,379,727","3,541,548","3,617,625",
1990,Wyoming,52.50%,51.20%,50.20%,"164,309","160,109","312,961","319,255",
1988,Alabama,,47.50%,46.70%,,"1,378,476","2,901,744","2,949,934",
1988,Alaska,57.30%,56.40%,54.20%,"203,433","200,116","355,023","369,260",
1988,Arizona,49.10%,47.70%,44.90%,"1,204,169","1,171,873","2,454,254","2,609,995",
1988,Arkansas,,49.00%,48.20%,,"827,738","1,689,491","1,717,388",
1988,California,57.50%,55.70%,46.50%,"10,194,539","9,887,065","17,738,700","21,249,801",
1988,Colorado,60.80%,59.00%,57.30%,"1,416,265","1,372,394","2,327,768","2,396,786",
1988,Connecticut,61.40%,60.70%,57.20%,"1,461,962","1,443,394","2,379,699","2,525,021",
1988,Delaware,54.00%,52.90%,51.00%,"254,973","249,891","472,441","489,696",
1988,District of Columbia,43.50%,42.50%,38.40%,"197,135","192,877","453,636","502,362",
1988,Florida,,49.00%,44.60%,,"4,302,313","8,777,510","9,651,236",
1988,Georgia,,40.60%,39.10%,,"1,809,672","4,459,739","4,631,342",
1988,Hawaii,49.80%,47.90%,44.10%,"368,567","354,461","739,890","803,568",
1988,Idaho,63.10%,61.30%,59.90%,"421,213","408,968","667,345","682,522",
1988,Illinois,59.10%,57.30%,54.20%,"4,697,192","4,559,120","7,950,848","8,410,414",
1988,Indiana,55.60%,54.30%,53.60%,"2,222,811","2,168,621","3,996,319","4,045,785",
1988,Iowa,61.40%,60.60%,59.70%,"1,240,854","1,225,614","2,021,793","2,052,326",
1988,Kansas,,56.00%,54.90%,,"993,044","1,774,451","1,808,604",
1988,Kentucky,,49.30%,48.80%,,"1,322,517","2,680,364","2,709,782",
1988,Louisiana,,55.40%,54.20%,,"1,628,202","2,941,023","3,005,785",
1988,Maine,,62.50%,61.50%,,"555,035","888,612","901,850",
1988,Maryland,52.50%,51.60%,48.50%,"1,747,350","1,714,358","3,325,582","3,535,730",
1988,Massachusetts,61.30%,60.00%,56.70%,"2,689,857","2,632,801","4,385,728","4,642,061",
1988,Michigan,56.70%,55.50%,54.20%,"3,745,751","3,669,163","6,608,812","6,773,776",
1988,Minnesota,68.80%,67.90%,66.20%,"2,125,119","2,096,790","3,087,194","3,166,668",
1988,Mississippi,,52.00%,51.30%,,"931,527","1,792,847","1,815,826",
1988,Missouri,,56.60%,55.50%,,"2,093,713","3,696,905","3,769,751",
1988,Montana,66.70%,64.40%,63.70%,"378,981","365,674","568,014","573,791",
1988,Nebraska,60.30%,58.80%,57.80%,"678,669","661,465","1,125,252","1,144,305",
1988,Nevada,46.10%,45.60%,42.50%,"354,261","350,067","768,131","823,940",
1988,New Hampshire,57.80%,56.40%,55.20%,"462,503","451,074","800,468","817,358",
1988,New Jersey,57.10%,57.00%,52.50%,"3,102,502","3,099,553","5,435,008","5,904,776",
1988,New Mexico,53.40%,52.00%,49.80%,"535,694","521,287","1,002,876","1,046,754",
1988,New York,54.00%,52.70%,47.50%,"6,636,310","6,485,683","12,300,666","13,659,215",
1988,North Carolina,,44.50%,43.50%,,"2,134,370","4,794,041","4,903,045",
1988,North Dakota,66.20%,63.70%,63.20%,"309,100","297,261","466,684","470,652",
1988,Ohio,57.30%,55.80%,55.00%,"4,505,284","4,393,585","7,869,099","7,986,220",
1988,Oklahoma,53.10%,52.10%,50.90%,"1,192,815","1,171,036","2,245,785","2,300,258",
1988,Oregon,62.30%,60.60%,58.50%,"1,235,199","1,201,694","1,982,355","2,055,379",
1988,Pennsylvania,,51.00%,50.20%,,"4,536,251","8,892,826","9,037,056",
1988,Rhode Island,57.60%,56.10%,52.50%,"415,963","404,620","721,773","771,407",
1988,South Carolina,42.50%,40.20%,39.40%,"1,041,846","986,009","2,453,644","2,504,635",
1988,South Dakota,,63.40%,62.90%,,"312,991","494,034","497,633",
1988,Tennessee,,46.10%,45.30%,,"1,636,250","3,551,452","3,609,081",
1988,Texas,,50.10%,45.70%,,"5,427,410","10,833,436","11,877,787",
1988,Utah,63.40%,62.00%,60.50%,"661,546","647,008","1,043,170","1,069,800",
1988,Vermont,66.70%,60.10%,59.20%,"270,148","243,328","404,795","411,136",
1988,Virginia,,49.80%,47.90%,,"2,191,609","4,396,900","4,571,637",
1988,Washington,58.60%,56.80%,53.80%,"1,923,043","1,865,253","3,282,173","3,465,082",
1988,West Virginia,,48.50%,48.10%,,"653,311","1,347,692","1,358,249",
1988,Wisconsin,,62.80%,61.60%,,"2,191,608","3,489,742","3,558,322",
1988,Wyoming,59.20%,56.00%,55.10%,"186,417","176,551","315,073","320,695",
1986,Alabama,,43.10%,42.50%,,"1,236,230","2,869,652","2,911,819",
1986,Alaska,51.90%,51.40%,49.60%,"182,526","180,801","351,841","364,871",
1986,Arizona,38.40%,37.40%,35.30%,"889,668","866,984","2,319,046","2,452,624",
1986,Arkansas,,41.40%,40.80%,,"695,487","1,681,564","1,706,578",
1986,California,44.40%,43.40%,36.80%,"7,617,142","7,443,551","17,166,275","20,222,886",
1986,Colorado,47.50%,45.90%,44.70%,"1,096,867","1,060,765","2,309,652","2,372,880",
1986,Connecticut,43.70%,42.40%,40.10%,"1,025,605","993,692","2,344,327","2,479,722",
1986,Delaware,36.30%,35.30%,34.10%,"165,563","160,757","455,609","470,828",
1986,District of Columbia,28.80%,28.30%,25.90%,"134,158","131,802","465,993","508,553",
1986,Florida,,40.90%,37.50%,,"3,429,996","8,384,015","9,158,241",
1986,Georgia,,28.50%,27.50%,,"1,224,948","4,300,049","4,450,093",
1986,Hawaii,48.10%,46.70%,43.10%,"344,416","334,115","715,459","775,534",
1986,Idaho,59.30%,58.40%,57.20%,"392,909","387,426","663,126","677,205",
1986,Illinois,42.00%,39.70%,37.70%,"3,322,657","3,144,185","7,912,733","8,343,755",
1986,Indiana,41.10%,39.40%,39.00%,"1,619,005","1,555,505","3,943,714","3,990,379",
1986,Iowa,45.60%,45.10%,44.40%,"922,094","910,623","2,020,678","2,049,547",
1986,Kansas,,47.80%,47.00%,,"840,605","1,757,001","1,788,426",
1986,Kentucky,,25.50%,25.20%,,"677,280","2,661,218","2,687,605",
1986,Louisiana,,45.40%,44.60%,,"1,369,897","3,014,498","3,069,021",
1986,Maine,,49.70%,49.00%,,"426,861","858,200","870,604",
1986,Maryland,36.10%,34.60%,32.70%,"1,161,136","1,112,637","3,216,833","3,401,061",
1986,Massachusetts,41.10%,38.90%,36.90%,"1,777,276","1,684,079","4,326,264","4,560,556",
1986,Michigan,37.80%,36.80%,35.90%,"2,468,009","2,396,564","6,520,661","6,674,856",
1986,Minnesota,48.20%,46.80%,45.80%,"1,456,579","1,415,989","3,024,070","3,089,544",
1986,Mississippi,,29.40%,29.00%,,"523,563","1,782,721","1,804,699",
1986,Missouri,,40.40%,39.70%,,"1,477,327","3,655,213","3,717,988",
1986,Montana,57.10%,55.60%,55.00%,"326,436","317,862","572,113","577,604",
1986,Nebraska,51.50%,50.30%,49.50%,"577,916","564,422","1,123,099","1,141,336",
1986,Nevada,37.80%,37.40%,35.10%,"264,365","261,932","700,192","747,283",
1986,New Hampshire,33.80%,33.00%,32.40%,"257,410","250,966","760,526","775,686",
1986,New Jersey,30.40%,28.80%,26.70%,"1,639,330","1,553,544","5,396,487","5,819,614",
1986,New Mexico,41.40%,40.00%,38.50%,"408,621","394,833","987,220","1,026,160",
1986,New York,36.50%,35.00%,31.80%,"4,481,718","4,293,971","12,263,480","13,512,043",
1986,North Carolina,,34.20%,33.50%,,"1,591,330","4,653,016","4,749,053",
1986,North Dakota,62.30%,61.00%,60.50%,"295,177","289,013","473,962","477,812",
1986,Ohio,46.60%,40.10%,39.60%,"3,628,870","3,121,189","7,781,083","7,891,503",
1986,Oklahoma,40.80%,39.70%,38.80%,"934,447","909,925","2,290,182","2,343,190",
1986,Oregon,56.40%,54.90%,53.20%,"1,088,140","1,059,630","1,928,782","1,990,233",
1986,Pennsylvania,,38.40%,37.80%,,"3,388,275","8,820,459","8,955,720",
1986,Rhode Island,45.40%,43.00%,40.40%,"322,724","305,663","711,034","756,297",
1986,South Carolina,31.90%,31.50%,30.90%,"763,493","753,751","2,393,329","2,437,430",
1986,South Dakota,,60.10%,59.70%,,"295,830","492,333","495,833",
1986,Tennessee,,34.80%,34.30%,,"1,210,339","3,478,867","3,532,177",
1986,Texas,,31.90%,29.30%,,"3,442,368","10,786,533","11,732,625",
1986,Utah,43.50%,42.50%,41.50%,"445,499","435,111","1,024,337","1,049,339",
1986,Vermont,54.30%,50.50%,49.70%,"211,709","196,716","389,843","396,034",
1986,Virginia,,29.10%,28.10%,,"1,233,611","4,240,797","4,394,143",
1986,Washington,43.10%,42.40%,40.40%,"1,358,160","1,337,367","3,151,152","3,310,457",
1986,West Virginia,32.80%,29.90%,29.70%,"449,249","410,131","1,370,305","1,380,916",
1986,Wisconsin,,44.50%,43.70%,,"1,526,960","3,432,034","3,495,584",
1986,Wyoming,51.30%,50.10%,49.30%,"168,615","164,720","328,971","334,385",
1984,Alabama,,50.90%,50.30%,,"1,441,713","2,831,099","2,867,180",
1984,Alaska,62.10%,60.50%,58.60%,"213,173","207,605","343,030","354,410",
1984,Arizona,48.90%,47.70%,45.30%,"1,051,339","1,025,897","2,151,391","2,263,826",
1984,Arkansas,,53.00%,52.30%,,"884,406","1,668,136","1,689,480",
1984,California,58.90%,57.20%,49.30%,"9,796,375","9,505,423","16,618,345","19,270,739",
1984,Colorado,59.20%,57.10%,55.70%,"1,343,437","1,295,380","2,267,668","2,325,829",
1984,Connecticut,64.80%,63.80%,60.30%,"1,490,946","1,466,900","2,300,533","2,431,057",
1984,Delaware,58.40%,57.50%,55.90%,"258,182","254,572","442,354","455,312",
1984,District of Columbia,46.50%,44.80%,41.80%,"219,193","211,288","471,669","505,550",
1984,Florida,,52.40%,48.30%,,"4,180,051","7,976,805","8,656,427",
1984,Georgia,,43.10%,41.90%,,"1,776,120","4,119,852","4,243,165",
1984,Hawaii,50.30%,48.40%,44.70%,"349,253","335,846","694,187","750,909",
1984,Idaho,63.70%,62.00%,60.80%,"421,935","411,144","662,771","675,772",
1984,Illinois,62.70%,60.80%,57.90%,"4,969,352","4,819,088","7,922,605","8,327,065",
1984,Indiana,57.90%,57.00%,56.40%,"2,268,493","2,233,069","3,916,362","3,960,870",
1984,Iowa,65.10%,64.10%,63.30%,"1,339,886","1,319,805","2,057,482","2,084,995",
1984,Kansas,,58.40%,57.40%,,"1,021,991","1,751,223","1,779,487",
1984,Kentucky,,51.80%,51.20%,,"1,369,345","2,643,027","2,672,424",
1984,Louisiana,,56.50%,55.60%,,"1,706,822","3,019,930","3,072,074",
1984,Maine,,65.80%,64.90%,,"553,144","840,251","852,022",
1984,Maryland,54.50%,53.80%,51.10%,"1,695,924","1,675,873","3,113,967","3,278,321",
1984,Massachusetts,60.70%,59.90%,57.00%,"2,595,054","2,559,453","4,273,437","4,486,676",
1984,Michigan,60.60%,59.30%,58.00%,"3,884,854","3,801,658","6,407,156","6,550,877",
1984,Minnesota,70.90%,69.90%,68.60%,"2,115,317","2,084,449","2,982,015","3,039,490",
1984,Mississippi,,53.30%,52.70%,,"941,104","1,766,654","1,787,243",
1984,Missouri,,58.70%,57.80%,,"2,122,783","3,617,948","3,671,506",
1984,Montana,68.20%,66.40%,65.80%,"395,006","384,377","578,925","584,162",
1984,Nebraska,59.10%,57.50%,56.60%,"670,781","652,090","1,135,012","1,152,310",
1984,Nevada,44.80%,43.60%,41.10%,"294,413","286,667","656,862","697,185",
1984,New Hampshire,56.60%,54.10%,53.10%,"406,608","388,904","718,967","732,480",
1984,New Jersey,60.50%,60.50%,56.50%,"3,215,941","3,217,862","5,318,696","5,699,440",
1984,New Mexico,54.60%,53.80%,51.90%,"522,328","514,370","956,246","990,632",
1984,New York,57.20%,55.60%,50.90%,"7,000,828","6,806,810","12,232,120","13,373,558",
1984,North Carolina,,48.20%,47.30%,,"2,175,361","4,512,013","4,598,151",
1984,North Dakota,67.20%,64.00%,63.50%,"324,179","308,971","482,655","486,449",
1984,Ohio,60.30%,58.80%,58.00%,"4,664,223","4,547,619","7,732,456","7,836,806",
1984,Oklahoma,55.50%,54.00%,52.90%,"1,290,555","1,255,676","2,324,445","2,373,014",
1984,Oregon,66.40%,64.30%,62.50%,"1,265,824","1,226,527","1,906,880","1,962,501",
1984,Pennsylvania,,55.10%,54.30%,,"4,844,903","8,790,815","8,918,353",
1984,Rhode Island,60.60%,58.80%,55.50%,"422,851","410,492","697,537","739,064",
1984,South Carolina,43.70%,41.60%,40.90%,"1,018,701","968,529","2,329,080","2,368,236",
1984,South Dakota,,64.30%,63.80%,,"317,867","494,651","497,849",
1984,Tennessee,,50.10%,49.40%,,"1,711,994","3,415,760","3,463,234",
1984,Texas,,51.00%,47.40%,,"5,397,571","10,582,774","11,397,758",
1984,Utah,64.30%,63.00%,61.60%,"641,846","629,656","998,820","1,022,083",
1984,Vermont,61.60%,61.50%,60.50%,"235,140","234,561","381,479","387,620",
1984,Virginia,,52.40%,50.70%,,"2,146,635","4,100,160","4,234,017",
1984,Washington,62.90%,61.30%,58.60%,"1,931,546","1,883,910","3,072,714","3,213,263",
1984,West Virginia,,52.90%,52.50%,,"735,742","1,391,427","1,401,733",
1984,Wisconsin,,64.90%,63.80%,,"2,211,689","3,409,202","3,468,053",
1984,Wyoming,57.90%,55.80%,54.90%,"196,153","188,968","338,733","343,957",
1982,Alabama,,40.60%,40.10%,,"1,128,725","2,780,689","2,813,033",
1982,Alaska,64.90%,63.40%,61.50%,"199,458","194,885","307,558","316,787",
1982,Arizona,36.80%,36.00%,34.40%,"742,923","726,364","2,017,098","2,112,246",
1982,Arkansas,,48.10%,47.60%,,"789,351","1,639,482","1,656,707",
1982,California,49.90%,48.70%,42.70%,"8,064,314","7,876,698","16,161,555","18,448,245",
1982,Colorado,47.30%,43.50%,42.50%,"1,037,774","956,021","2,196,263","2,248,839",
1982,Connecticut,49.40%,48.10%,45.70%,"1,112,428","1,084,156","2,253,328","2,369,975",
1982,Delaware,45.50%,44.40%,43.30%,"195,726","190,960","430,257","441,374",
1982,District of Columbia,,25.00%,23.50%,,"117,623","470,719","500,492",
1982,Florida,,35.50%,33.00%,,"2,688,566","7,565,499","8,139,171",
1982,Georgia,,29.60%,28.90%,,"1,169,041","3,945,107","4,047,788",
1982,Hawaii,48.50%,46.50%,43.10%,"325,459","311,853","671,172","724,189",
1982,Idaho,51.10%,50.20%,49.30%,"332,237","326,522","650,534","662,251",
1982,Illinois,48.80%,46.50%,44.30%,"3,856,875","3,673,681","7,908,220","8,284,606",
1982,Indiana,47.30%,46.80%,46.30%,"1,834,225","1,817,287","3,879,314","3,921,907",
1982,Iowa,50.80%,50.20%,49.60%,"1,050,495","1,038,229","2,068,844","2,094,031",
1982,Kansas,,44.00%,43.30%,,"763,263","1,736,298","1,761,238",
1982,Kentucky,,26.80%,26.50%,,"700,322","2,615,445","2,642,810",
1982,Louisiana,,,,,,"2,982,702","3,029,834",
1982,Maine,,56.30%,55.50%,,"460,295","817,814","828,907",
1982,Maryland,39.20%,37.50%,35.90%,"1,190,011","1,139,149","3,034,834","3,174,995",
1982,Massachusetts,50.30%,49.00%,46.90%,"2,103,780","2,050,769","4,184,146","4,375,262",
1982,Michigan,49.30%,47.80%,46.80%,"3,135,928","3,040,008","6,357,552","6,498,711",
1982,Minnesota,62.30%,61.30%,60.30%,"1,834,737","1,804,675","2,943,169","2,993,256",
1982,Mississippi,,37.00%,36.60%,,"645,026","1,743,267","1,762,406",
1982,Missouri,,43.30%,42.70%,,"1,543,521","3,567,803","3,615,526",
1982,Montana,57.60%,56.40%,55.90%,"328,082","321,062","569,629","574,592",
1982,Nebraska,49.60%,48.50%,47.80%,"559,422","547,902","1,128,918","1,145,316",
1982,Nevada,39.10%,38.70%,36.70%,"242,578","240,394","621,060","655,823",
1982,New Hampshire,42.10%,41.20%,40.50%,"289,057","282,588","686,264","698,424",
1982,New Jersey,43.80%,42.00%,39.40%,"2,286,925","2,193,945","5,224,732","5,563,627",
1982,New Mexico,45.50%,44.30%,42.90%,"417,945","407,466","919,311","949,133",
1982,New York,44.90%,43.40%,40.00%,"5,437,367","5,254,891","12,118,685","13,150,573",
1982,North Carolina,,30.40%,29.80%,,"1,321,080","4,347,870","4,427,095",
1982,North Dakota,57.20%,55.00%,54.60%,"272,876","262,465","476,851","480,367",
1982,Ohio,46.20%,44.10%,43.60%,"3,551,995","3,395,463","7,692,059","7,793,022",
1982,Oklahoma,39.10%,38.40%,37.60%,"901,488","883,130","2,302,670","2,346,265",
1982,Oregon,56.10%,55.00%,53.50%,"1,063,913","1,042,009","1,895,706","1,946,116",
1982,Pennsylvania,,42.10%,41.50%,,"3,683,985","8,749,931","8,869,173",
1982,Rhode Island,54.20%,50.00%,47.40%,"370,928","342,779","684,977","723,060",
1982,South Carolina,30.40%,29.70%,29.20%,"688,300","671,625","2,260,577","2,297,223",
1982,South Dakota,,56.90%,56.60%,,"278,562","489,474","492,367",
1982,Tennessee,,37.50%,37.10%,,"1,259,785","3,357,236","3,393,233",
1982,Texas,,31.20%,29.20%,,"3,191,091","10,228,820","10,910,762",
1982,Utah,55.80%,55.10%,53.90%,"537,207","530,802","962,724","984,073",
1982,Vermont,46.10%,45.40%,44.60%,"172,084","169,251","372,982","379,067",
1982,Virginia,,35.70%,34.70%,,"1,415,622","3,960,296","4,076,585",
1982,Washington,46.80%,45.60%,43.60%,"1,404,831","1,368,476","2,999,997","3,138,109",
1982,West Virginia,,40.40%,40.10%,,"565,314","1,399,303","1,409,116",
1982,Wisconsin,,46.90%,46.10%,,"1,580,344","3,372,875","3,426,394",
1982,Wyoming,50.00%,49.00%,48.30%,"172,065","168,555","344,218","349,060",
1980,Alabama,,49.20%,48.70%,,"1,341,929","2,726,249","2,753,078",
1980,Alaska,60.20%,58.70%,57.10%,"162,653","158,445","270,122","277,261",
1980,Arizona,47.50%,46.20%,44.40%,"898,183","873,945","1,890,167","1,968,947",
1980,Arkansas,,52.00%,51.50%,,"837,582","1,610,104","1,624,917",
1980,California,56.20%,55.00%,48.90%,"8,775,459","8,587,063","15,610,966","17,551,451",
1980,Colorado,59.10%,57.20%,55.90%,"1,225,549","1,184,415","2,071,959","2,118,092",
1980,Connecticut,64.70%,63.90%,61.00%,"1,423,403","1,406,285","2,201,356","2,305,904",
1980,Delaware,56.80%,56.00%,54.70%,"239,136","235,900","421,344","430,879",
1980,District of Columbia,37.90%,37.20%,35.30%,"178,434","175,237","470,956","496,230",
1980,Florida,,52.00%,48.70%,,"3,686,930","7,088,658","7,575,002",
1980,Georgia,,42.10%,41.30%,,"1,596,695","3,791,652","3,870,251",
1980,Hawaii,49.20%,46.90%,43.60%,"318,026","303,287","646,583","695,906",
1980,Idaho,70.40%,69.00%,67.90%,"446,045","437,431","633,624","644,004",
1980,Illinois,61.90%,60.40%,57.80%,"4,868,890","4,749,721","7,868,300","8,216,218",
1980,Indiana,59.20%,58.30%,57.70%,"2,275,433","2,242,033","3,846,321","3,885,473",
1980,Iowa,63.50%,63.60%,62.90%,"1,314,258","1,317,661","2,070,935","2,093,321",
1980,Kansas,,57.50%,56.80%,,"979,795","1,704,420","1,726,471",
1980,Kentucky,,50.50%,49.90%,,"1,294,627","2,562,572","2,592,185",
1980,Louisiana,,54.00%,53.20%,,"1,548,591","2,868,792","2,910,776",
1980,Maine,,65.40%,64.60%,,"523,011","799,746","810,240",
1980,Maryland,52.50%,52.00%,50.00%,"1,557,709","1,540,496","2,964,704","3,081,409",
1980,Massachusetts,62.40%,61.40%,59.00%,"2,566,807","2,524,298","4,110,721","4,281,265",
1980,Michigan,62.40%,61.30%,60.00%,"3,978,647","3,909,725","6,374,955","6,514,790",
1980,Minnesota,72.10%,71.20%,70.00%,"2,079,451","2,051,980","2,882,406","2,929,927",
1980,Mississippi,,52.40%,51.90%,,"892,620","1,704,163","1,719,825",
1980,Missouri,,59.50%,58.80%,,"2,099,824","3,529,489","3,571,609",
1980,Montana,67.10%,65.60%,65.10%,"371,976","363,952","554,636","559,165",
1980,Nebraska,58.40%,57.50%,56.70%,"651,281","640,854","1,115,142","1,129,653",
1980,Nevada,51.90%,43.30%,41.10%,"297,318","247,885","573,118","602,463",
1980,New Hampshire,60.90%,58.10%,57.20%,"402,415","383,990","660,560","671,558",
1980,New Jersey,58.50%,58.10%,54.90%,"2,999,879","2,975,684","5,123,773","5,420,255",
1980,New Mexico,53.20%,52.30%,50.90%,"464,848","456,971","873,515","897,946",
1980,New York,53.00%,51.70%,48.00%,"6,359,218","6,201,959","12,006,100","12,932,357",
1980,North Carolina,,44.10%,43.40%,,"1,855,833","4,203,817","4,272,156",
1980,North Dakota,68.00%,65.20%,64.80%,"314,525","301,545","462,223","465,447",
1980,Ohio,57.30%,56.10%,55.40%,"4,378,937","4,283,603","7,637,813","7,732,705",
1980,Oklahoma,54.20%,53.20%,52.20%,"1,172,303","1,149,708","2,162,051","2,201,257",
1980,Oregon,64.30%,62.80%,61.40%,"1,209,691","1,181,516","1,880,863","1,925,651",
1980,Pennsylvania,,52.60%,52.00%,,"4,561,501","8,664,166","8,774,885",
1980,Rhode Island,62.70%,61.60%,58.60%,"423,349","416,072","675,067","709,692",
1980,South Carolina,42.40%,41.10%,40.40%,"922,397","894,071","2,176,721","2,212,354",
1980,South Dakota,,67.70%,67.30%,,"327,703","484,328","486,893",
1980,Tennessee,,49.20%,48.80%,,"1,617,616","3,285,608","3,318,036",
1980,Texas,,47.40%,44.90%,,"4,541,636","9,572,904","10,120,613",
1980,Utah,66.60%,66.00%,64.60%,"609,691","604,222","915,484","934,767",
1980,Vermont,59.30%,58.70%,57.80%,"215,500","213,299","363,143","369,147",
1980,Virginia,,48.70%,47.50%,,"1,866,032","3,830,887","3,927,383",
1980,Washington,60.60%,59.60%,57.40%,"1,772,904","1,742,394","2,923,670","3,037,193",
1980,West Virginia,53.50%,53.20%,52.80%,"742,150","737,715","1,387,231","1,396,595",
1980,Wisconsin,,68.40%,67.40%,,"2,273,221","3,322,053","3,371,087",
1980,Wyoming,55.40%,54.10%,53.40%,"181,004","176,713","326,644","330,784",
2016,Alabama,59.10%,58.80%,56.30%,"2,134,061","2,123,372","3,609,447","3,770,142",
2016,Alaska,61.50%,61.00%,57.40%,"321,271","318,608","522,679","555,367",
2016,Arizona,56.10%,54.90%,48.90%,"2,661,497","2,604,657","4,740,310","5,331,034",
2016,Arkansas,53.20%,52.80%,49.40%,"1,137,772","1,130,635","2,140,097","2,286,625",
2016,California,58.20%,56.50%,47.00%,"14,610,509","14,181,595","25,104,844","30,201,571",
2016,Colorado,71.90%,70.00%,64.60%,"2,859,216","2,780,247","3,974,405","4,305,728",
2016,Connecticut,64.90%,63.70%,58.30%,"1,675,955","1,644,920","2,582,761","2,821,935",
2016,Delaware,64.40%,64.20%,59.20%,"445,228","443,814","691,720","749,872",
2016,District of Columbia,60.70%,60.40%,55.40%,"312,575","311,268","515,248","562,329",
2016,Florida,65.60%,64.50%,56.90%,"9,580,489","9,420,039","14,601,066","16,565,588",
2016,Georgia,59.80%,59.10%,52.60%,"4,165,405","4,114,732","6,959,963","7,828,207",
2016,Hawaii,43.20%,42.30%,38.30%,"437,664","428,937","1,012,860","1,120,465",
2016,Idaho,60.90%,59.20%,55.00%,"710,545","690,255","1,166,706","1,253,925",
2016,Illinois,63.10%,62.20%,56.70%,"5,666,118","5,589,631","8,985,443","9,866,799",
2016,Indiana,57.90%,56.40%,54.00%,"2,807,676","2,734,958","4,849,937","5,063,393",
2016,Iowa,69.10%,68.40%,65.10%,"1,581,371","1,566,031","2,288,536","2,406,915",
2016,Kansas,59.70%,57.70%,54.00%,"1,225,667","1,184,402","2,054,025","2,192,423",
2016,Kentucky,59.60%,58.60%,56.10%,"1,955,195","1,924,149","3,282,420","3,430,652",
2016,Louisiana,60.60%,60.00%,56.80%,"2,049,531","2,029,032","3,384,435","3,571,652",
2016,Maine,72.90%,70.70%,69.40%,"771,892","747,927","1,058,372","1,078,037",
2016,Maryland,67.00%,66.40%,59.50%,"2,807,322","2,781,446","4,189,616","4,670,900",
2016,Massachusetts,68.30%,67.20%,61.10%,"3,378,801","3,325,046","4,948,028","5,442,458",
2016,Michigan,65.70%,64.70%,62.00%,"4,874,619","4,799,284","7,420,628","7,744,567",
2016,Minnesota,74.70%,74.10%,69.40%,"2,968,281","2,944,813","3,973,204","4,240,423",
2016,Mississippi,,55.20%,53.30%,,"1,209,357","2,191,241","2,268,089",
2016,Missouri,62.20%,62.20%,59.60%,"2,811,549","2,808,605","4,517,925","4,710,784",
2016,Montana,64.30%,61.80%,60.80%,"516,901","497,147","804,250","817,702",
2016,Nebraska,64.00%,62.80%,58.80%,"860,573","844,227","1,343,821","1,436,437",
2016,Nevada,57.40%,57.40%,49.40%,"1,125,429","1,125,385","1,961,587","2,276,281",
2016,New Hampshire,72.50%,71.40%,69.10%,"755,850","744,296","1,042,795","1,076,739",
2016,New Jersey,65.80%,64.40%,55.70%,"3,957,303","3,874,046","6,013,656","6,959,892",
2016,New Mexico,54.90%,54.50%,50.20%,"804,043","798,319","1,464,515","1,591,069",
2016,New York,57.20%,56.80%,49.60%,"7,786,881","7,721,453","13,604,645","15,557,982",
2016,North Carolina,64.90%,64.50%,60.20%,"4,769,640","4,741,564","7,352,501","7,880,013",
2016,North Dakota,61.70%,60.80%,59.30%,"349,945","344,360","566,783","581,188",
2016,Ohio,64.20%,62.90%,61.00%,"5,607,641","5,496,487","8,736,808","9,007,953",
2016,Oklahoma,,52.30%,49.00%,,"1,452,992","2,778,219","2,965,905",
2016,Oregon,68.00%,66.20%,61.70%,"2,056,310","2,001,336","3,024,174","3,244,277",
2016,Pennsylvania,,63.60%,61.00%,,"6,165,478","9,691,160","10,108,486",
2016,Rhode Island,59.70%,59.10%,54.70%,"469,589","464,144","786,012","848,975",
2016,South Carolina,57.30%,56.70%,54.20%,"2,123,584","2,103,027","3,709,283","3,883,145",
2016,South Dakota,60.00%,58.60%,56.60%,"378,995","370,093","631,173","653,841",
2016,Tennessee,51.80%,51.10%,48.60%,"2,545,271","2,508,027","4,909,426","5,164,969",
2016,Texas,51.40%,51.40%,43.40%,"8,975,000","8,969,226","17,448,910","20,671,564",
2016,Utah,57.90%,56.80%,52.80%,"1,152,369","1,131,430","1,991,885","2,144,784",
2016,Vermont,64.80%,63.70%,62.30%,"320,467","315,067","494,871","506,048",
2016,Virginia,,66.10%,60.80%,,"3,984,631","6,027,152","6,551,390",
2016,Washington,65.70%,64.70%,58.30%,"3,363,440","3,317,019","5,123,020","5,691,833",
2016,West Virginia,,50.20%,49.20%,,"714,423","1,423,031","1,453,201",
2016,Wisconsin,,69.50%,66.20%,,"2,976,150","4,285,071","4,495,783",
2016,Wyoming,60.20%,59.50%,57.30%,"258,788","255,849","429,682","446,396",