Year,ICPSR State Code,Alphanumeric State Code,State,VEP Total Ballots Counted,VEP Highest Office,VAP Highest Office,Total Ballots Counted,Highest Office,Voting-Eligible Population (VEP)
2014,0,0,United States,36.70%,36.00%,33.20%,"83,262,122","81,687,059","227,157,964"
2014,41,1,Alabama,33.20%,32.90%,31.50%,"1,191,274","1,180,413","3,588,783"
2014,81,2,Alaska,54.80%,54.20%,51.00%,"285,431","282,382","520,562"
2014,61,3,Arizona,34.10%,33.40%,29.50%,"1,537,671","1,506,416","4,510,186"
2014,42,4,Arkansas,40.30%,40.10%,37.50%,"852,642","848,592","2,117,881"
2014,71,5,California,30.70%,29.90%,24.70%,"7,513,972","7,317,581","24,440,416"
2014,62,6,Colorado,54.70%,53.70%,49.40%,"2,080,071","2,041,020","3,800,664"
2014,1,7,Connecticut,42.50%,42.30%,38.50%,"1,096,556","1,089,880","2,577,311"
2014,11,8,Delaware,34.90%,34.30%,31.80%,"238,110","234,038","681,526"
2014,55,9,District of Columbia,35.70%,35.30%,32.00%,"177,176","175,071","495,899"
2014,43,10,Florida,43.30%,42.80%,37.60%,"6,026,802","5,951,561","13,914,216"
2014,44,11,Georgia,38.60%,38.20%,33.80%,"2,596,947","2,567,761","6,725,041"
2014,82,12,Hawaii,36.50%,36.20%,32.90%,"369,554","366,125","1,012,123"
2014,63,13,Idaho,39.80%,39.30%,36.50%,"445,307","439,830","1,119,882"
2014,21,14,Illinois,40.80%,40.20%,36.60%,"3,680,417","3,627,690","9,028,752"
2014,22,15,Indiana,28.70%,27.80%,26.70%,"1,387,622","1,341,814","4,829,510"
2014,31,16,Iowa,50.30%,49.80%,47.30%,"1,142,284","1,129,700","2,269,179"
2014,32,17,Kansas,43.30%,42.50%,39.80%,"887,023","869,502","2,048,164"
2014,51,18,Kentucky,44.90%,44.20%,42.20%,"1,459,409","1,435,868","3,247,300"
2014,45,19,Louisiana,44.90%,43.90%,41.50%,"1,503,975","1,472,039","3,349,433"
2014,2,20,Maine,58.70%,58.10%,57.00%,"616,996","611,255","1,051,557"
2014,52,21,Maryland,42.00%,41.70%,37.30%,"1,745,104","1,733,177","4,154,546"
2014,3,22,Massachusetts,44.70%,44.10%,40.20%,"2,186,789","2,158,326","4,896,296"
2014,23,23,Michigan,43.20%,42.70%,41.00%,"3,188,956","3,156,531","7,383,958"
2014,33,24,Minnesota,50.60%,50.40%,47.20%,"1,992,613","1,981,511","3,935,121"
2014,46,25,Mississippi,,29.00%,27.90%,,"631,858","2,181,131"
2014,34,26,Missouri,33.60%,31.70%,30.50%,"1,509,025","1,426,303","4,493,722"
2014,64,27,Montana,47.50%,46.90%,46.10%,"373,831","369,826","787,748"
2014,35,28,Nebraska,41.40%,40.50%,38.00%,"552,115","539,891","1,334,453"
2014,65,29,Nevada,29.60%,29.30%,25.20%,"552,546","547,349","1,867,644"
2014,4,30,New Hampshire,48.30%,47.60%,46.00%,"495,565","488,159","1,025,862"
2014,12,31,New Jersey,32.50%,31.10%,27.00%,"1,955,042","1,869,535","6,014,127"
2014,66,32,New Mexico,,35.40%,32.30%,,"512,805","1,449,503"
2014,13,33,New York,29.00%,28.20%,24.60%,"3,930,310","3,819,010","13,553,426"
2014,47,34,North Carolina,41.20%,40.80%,37.90%,"2,939,767","2,915,281","7,143,737"
2014,36,35,North Dakota,45.00%,43.80%,42.70%,"255,128","248,670","567,221"
2014,24,36,Ohio,36.20%,35.10%,34.10%,"3,149,876","3,055,913","8,701,243"
2014,53,37,Oklahoma,30.00%,29.90%,28.10%,"825,607","824,831","2,755,091"
2014,72,38,Oregon,53.40%,50.90%,47.20%,"1,541,782","1,469,717","2,887,517"
2014,14,39,Pennsylvania,36.50%,36.10%,34.60%,"3,535,576","3,495,866","9,689,491"
2014,5,40,Rhode Island,42.40%,41.70%,38.50%,"329,212","324,055","776,286"
2014,48,41,South Carolina,35.20%,34.80%,33.10%,"1,261,611","1,246,301","3,584,461"
2014,37,42,South Dakota,44.70%,44.30%,43.10%,"282,291","279,412","630,989"
2014,54,43,Tennessee,29.80%,28.60%,27.20%,"1,430,117","1,374,065","4,799,476"
2014,49,44,Texas,,28.30%,23.80%,,"4,727,208","16,675,420"
2014,67,45,Utah,30.30%,29.70%,27.50%,"577,973","565,970","1,905,801"
2014,6,46,Vermont,40.80%,38.90%,38.10%,"202,445","193,087","495,884"
2014,40,47,Virginia,36.80%,36.60%,33.70%,"2,194,346","2,184,473","5,962,456"
2014,73,48,Washington,43.10%,41.20%,37.10%,"2,123,901","2,029,189","4,928,407"
2014,56,49,West Virginia,32.00%,31.20%,30.70%,"462,864","451,498","1,447,652"
2014,25,50,Wisconsin,56.90%,56.60%,53.90%,"2,422,248","2,410,314","4,260,427"
2014,68,51,Wyoming,39.70%,39.00%,37.30%,"171,153","168,390","431,434"
2012,0,0,United States,58.60%,58.00%,53.60%,"130,292,355","129,070,906","222,474,111"
2012,41,1,Alabama,,58.60%,56.00%,,"2,074,338","3,539,217"
2012,81,2,Alaska,58.90%,58.70%,55.30%,"301,694","300,495","511,792"
2012,61,3,Arizona,53.00%,52.60%,46.50%,"2,323,579","2,306,559","4,387,900"
2012,42,4,Arkansas,51.10%,50.70%,47.70%,"1,078,548","1,069,468","2,109,847"
2012,71,5,California,55.70%,55.10%,45.10%,"13,202,158","13,038,547","23,681,837"
2012,62,6,Colorado,70.60%,69.90%,64.50%,"2,596,173","2,569,522","3,675,871"
2012,1,7,Connecticut,61.40%,61.30%,55.60%,"1,560,640","1,558,960","2,543,202"
2012,11,8,Delaware,,62.30%,57.80%,,"413,921","663,967"
2012,55,9,District of Columbia,61.60%,61.50%,55.50%,"294,254","293,764","477,582"
2012,43,10,Florida,63.30%,62.80%,55.10%,"8,538,264","8,474,179","13,495,057"
2012,44,11,Georgia,59.30%,59.00%,52.30%,"3,919,355","3,900,050","6,606,607"
2012,82,12,Hawaii,44.50%,44.20%,39.90%,"437,159","434,697","982,902"
2012,63,13,Idaho,61.00%,59.80%,55.60%,"666,290","652,274","1,091,410"
2012,21,14,Illinois,59.30%,58.90%,53.30%,"5,279,752","5,242,014","8,899,143"
2012,22,15,Indiana,56.00%,55.20%,52.90%,"2,663,368","2,624,534","4,755,291"
2012,31,16,Iowa,70.60%,70.30%,67.10%,"1,589,951","1,582,180","2,251,748"
2012,32,17,Kansas,58.20%,56.90%,53.50%,"1,182,771","1,156,254","2,030,686"
2012,51,18,Kentucky,56.20%,55.70%,53.40%,"1,815,843","1,797,212","3,229,185"
2012,45,19,Louisiana,60.80%,60.20%,57.00%,"2,014,548","1,994,065","3,311,626"
2012,2,20,Maine,69.30%,68.20%,67.00%,"724,758","713,180","1,046,008"
2012,52,21,Maryland,67.30%,66.60%,59.50%,"2,734,062","2,707,327","4,063,582"
2012,3,22,Massachusetts,66.20%,65.90%,60.20%,"3,184,196","3,167,767","4,809,675"
2012,23,23,Michigan,65.40%,64.70%,62.00%,"4,780,701","4,730,961","7,312,725"
2012,33,24,Minnesota,76.40%,76.00%,71.40%,"2,950,780","2,936,561","3,861,598"
2012,46,25,Mississippi,,59.30%,57.20%,,"1,285,584","2,166,825"
2012,34,26,Missouri,,62.20%,59.60%,,"2,757,323","4,432,957"
2012,64,27,Montana,63.50%,62.50%,61.60%,"491,966","484,048","774,476"
2012,35,28,Nebraska,61.10%,60.30%,56.90%,"804,245","794,379","1,316,915"
2012,65,29,Nevada,56.50%,56.40%,48.20%,"1,016,664","1,014,918","1,800,969"
2012,4,30,New Hampshire,70.90%,70.20%,67.80%,"718,700","710,972","1,013,420"
2012,12,31,New Jersey,62.20%,61.50%,53.20%,"3,683,638","3,640,292","5,918,182"
2012,66,32,New Mexico,54.80%,54.60%,49.80%,"786,522","783,757","1,436,363"
2012,13,33,New York,53.50%,53.10%,46.10%,"7,128,852","7,074,723","13,324,107"
2012,47,34,North Carolina,65.40%,64.80%,60.10%,"4,542,488","4,505,372","6,947,954"
2012,36,35,North Dakota,60.40%,59.80%,58.70%,"325,564","322,627","539,164"
2012,24,36,Ohio,65.10%,64.50%,62.70%,"5,632,423","5,580,822","8,649,495"
2012,53,37,Oklahoma,,49.20%,46.30%,,"1,334,872","2,713,268"
2012,72,38,Oregon,64.20%,63.10%,58.70%,"1,820,507","1,789,270","2,836,101"
2012,14,39,Pennsylvania,,59.50%,57.20%,,"5,742,040","9,651,432"
2012,5,40,Rhode Island,,58.00%,53.40%,,"446,049","768,918"
2012,48,41,South Carolina,56.80%,56.30%,53.60%,"1,981,516","1,964,118","3,486,838"
2012,37,42,South Dakota,60.10%,59.30%,57.60%,"368,270","363,815","613,190"
2012,54,43,Tennessee,52.30%,51.90%,49.40%,"2,478,870","2,458,577","4,736,084"
2012,49,44,Texas,,49.60%,41.70%,,"7,993,851","16,119,973"
2012,67,45,Utah,56.10%,55.50%,51.40%,"1,028,786","1,017,440","1,833,339"
2012,6,46,Vermont,61.20%,60.70%,59.60%,"301,793","299,290","493,355"
2012,40,47,Virginia,66.60%,66.10%,60.70%,"3,888,186","3,854,489","5,834,676"
2012,73,48,Washington,65.80%,64.80%,58.60%,"3,172,939","3,125,516","4,822,060"
2012,56,49,West Virginia,,46.30%,45.50%,,"670,438","1,447,066"
2012,25,50,Wisconsin,,72.90%,69.50%,,"3,068,434","4,209,370"
2012,68,51,Wyoming,59.00%,58.60%,56.40%,"250,701","249,061","425,142"
2010,0,0,United States,41.80%,41.00%,37.80%,"90,912,015","89,099,476","217,551,109"
2010,41,1,Alabama,43.30%,43.00%,40.80%,"1,503,232","1,494,273","3,472,582"
2010,81,2,Alaska,52.90%,51.90%,48.50%,"261,128","256,192","493,764"
2010,61,3,Arizona,41.60%,41.00%,35.90%,"1,750,840","1,727,791","4,209,544"
2010,42,4,Arkansas,37.90%,37.50%,35.30%,"789,773","781,333","2,081,156"
2010,71,5,California,45.90%,44.00%,35.80%,"10,529,134","10,095,485","22,946,053"
2010,62,6,Colorado,51.70%,50.60%,46.50%,"1,828,323","1,787,730","3,533,054"
2010,1,7,Connecticut,45.90%,45.90%,41.70%,"1,153,872","1,153,115","2,512,981"
2010,11,8,Delaware,49.00%,47.50%,44.10%,"316,754","307,402","646,969"
2010,55,9,District of Columbia,29.60%,28.90%,26.20%,"135,846","132,656","458,619"
2010,43,10,Florida,42.20%,41.70%,36.30%,"5,473,787","5,411,106","12,961,184"
2010,44,11,Georgia,40.60%,39.80%,35.50%,"2,623,035","2,576,161","6,464,845"
2010,82,12,Hawaii,40.30%,39.90%,36.00%,"386,302","382,563","959,531"
2010,63,13,Idaho,42.90%,42.30%,39.40%,"459,079","452,535","1,069,446"
2010,21,14,Illinois,43.10%,42.40%,38.30%,"3,792,770","3,729,989","8,798,829"
2010,22,15,Indiana,38.10%,37.10%,35.60%,"1,791,832","1,744,481","4,697,111"
2010,31,16,Iowa,50.70%,49.90%,47.90%,"1,133,429","1,116,063","2,234,516"
2010,32,17,Kansas,42.60%,41.70%,39.20%,"857,658","838,790","2,011,497"
2010,51,18,Kentucky,44.30%,42.40%,40.70%,"1,417,995","1,356,468","3,198,093"
2010,45,19,Louisiana,40.00%,38.90%,36.80%,"1,298,649","1,264,994","3,249,524"
2010,2,20,Maine,55.90%,55.20%,54.30%,"580,584","572,766","1,038,201"
2010,52,21,Maryland,46.70%,46.40%,41.80%,"1,868,179","1,857,880","4,001,034"
2010,3,22,Massachusetts,49.40%,48.90%,44.60%,"2,319,963","2,297,039","4,693,670"
2010,23,23,Michigan,45.10%,44.50%,42.70%,"3,268,217","3,226,088","7,245,281"
2010,33,24,Minnesota,55.80%,55.40%,52.10%,"2,123,369","2,107,021","3,802,677"
2010,46,25,Mississippi,,37.00%,35.50%,,"788,549","2,129,334"
2010,34,26,Missouri,45.70%,44.50%,42.40%,"1,997,271","1,943,899","4,366,435"
2010,64,27,Montana,48.40%,47.50%,46.80%,"367,096","360,341","758,653"
2010,35,28,Nebraska,38.70%,37.50%,35.50%,"503,514","487,988","1,301,483"
2010,65,29,Nevada,41.40%,41.30%,35.30%,"723,515","721,404","1,747,288"
2010,4,30,New Hampshire,46.10%,45.70%,44.20%,"461,423","456,588","999,918"
2010,12,31,New Jersey,37.70%,36.40%,31.40%,"2,200,974","2,121,584","5,834,037"
2010,66,32,New Mexico,44.70%,42.80%,38.80%,"630,013","602,827","1,408,872"
2010,13,33,New York,36.30%,35.50%,30.80%,"4,763,899","4,658,586","13,135,048"
2010,47,34,North Carolina,39.80%,39.20%,36.40%,"2,700,706","2,660,079","6,785,463"
2010,36,35,North Dakota,46.60%,46.20%,45.30%,"241,039","238,812","516,974"
2010,24,36,Ohio,46.20%,44.90%,43.60%,"3,956,028","3,852,453","8,571,952"
2010,53,37,Oklahoma,39.10%,38.80%,36.40%,"1,043,507","1,034,767","2,666,767"
2010,72,38,Oregon,53.90%,52.70%,48.70%,"1,487,210","1,453,548","2,760,607"
2010,14,39,Pennsylvania,42.40%,41.70%,40.10%,"4,055,336","3,987,551","9,565,822"
2010,5,40,Rhode Island,45.40%,44.80%,41.20%,"346,357","342,290","763,534"
2010,48,41,South Carolina,40.30%,39.70%,37.60%,"1,365,480","1,344,198","3,388,417"
2010,37,42,South Dakota,53.90%,52.90%,51.50%,"323,410","317,083","599,507"
2010,54,43,Tennessee,35.10%,34.60%,32.80%,"1,620,619","1,601,549","4,622,919"
2010,49,44,Texas,32.70%,32.10%,26.90%,"5,066,957","4,979,870","15,514,007"
2010,67,45,Utah,36.80%,36.30%,33.60%,"653,274","643,307","1,772,934"
2010,6,46,Vermont,49.80%,49.40%,48.50%,"243,617","241,605","488,942"
2010,40,47,Virginia,39.10%,38.70%,35.40%,"2,214,505","2,189,841","5,660,589"
2010,73,48,Washington,54.30%,53.20%,48.40%,"2,565,589","2,511,094","4,724,350"
2010,56,49,West Virginia,37.20%,36.80%,36.10%,"536,493","529,948","1,442,003"
2010,25,50,Wisconsin,52.40%,52.00%,49.70%,"2,185,021","2,171,331","4,172,130"
2010,68,51,Wyoming,46.00%,45.50%,43.80%,"190,822","188,463","414,536"
2008,0,0,United States,62.20%,61.60%,56.90%,"132,609,063","131,304,731","213,313,508"
2008,41,1,Alabama,61.00%,60.80%,58.40%,"2,105,622","2,099,819","3,454,510"
2008,81,2,Alaska,68.30%,68.00%,64.30%,"327,341","326,197","479,429"
2008,61,3,Arizona,57.40%,56.70%,49.10%,"2,320,851","2,293,475","4,046,075"
2008,42,4,Arkansas,52.90%,52.50%,50.00%,"1,095,958","1,086,617","2,071,563"
2008,71,5,California,61.70%,60.90%,49.50%,"13,743,177","13,561,900","22,261,504"
2008,62,6,Colorado,71.60%,71.00%,64.70%,"2,422,236","2,401,361","3,382,959"
2008,1,7,Connecticut,,66.60%,60.40%,,"1,646,792","2,471,082"
2008,11,8,Delaware,65.80%,65.60%,60.60%,"413,562","412,398","628,200"
2008,55,9,District of Columbia,61.70%,61.50%,55.20%,"266,871","265,853","432,566"
2008,43,10,Florida,66.60%,66.10%,57.60%,"8,453,743","8,390,744","12,687,407"
2008,44,11,Georgia,62.70%,62.50%,55.60%,"3,940,705","3,924,440","6,281,872"
2008,82,12,Hawaii,49.00%,48.80%,43.80%,"456,064","453,568","930,067"
2008,63,13,Idaho,64.80%,63.60%,58.60%,"667,506","655,032","1,029,416"
2008,21,14,Illinois,64.30%,63.60%,57.40%,"5,578,195","5,523,051","8,681,138"
2008,22,15,Indiana,60.30%,59.10%,57.00%,"2,805,986","2,751,054","4,653,019"
2008,31,16,Iowa,69.70%,69.40%,66.90%,"1,543,662","1,537,123","2,216,094"
2008,32,17,Kansas,63.50%,62.00%,58.80%,"1,264,208","1,235,872","1,991,759"
2008,51,18,Kentucky,59.00%,57.90%,55.70%,"1,858,578","1,826,508","3,152,629"
2008,45,19,Louisiana,61.80%,61.20%,58.70%,"1,979,852","1,960,761","3,205,794"
2008,2,20,Maine,71.80%,70.60%,69.60%,"744,456","731,163","1,036,242"
2008,52,21,Maryland,67.80%,67.00%,60.60%,"2,661,905","2,631,596","3,925,117"
2008,3,22,Massachusetts,67.30%,66.80%,60.90%,"3,102,995","3,080,985","4,612,550"
2008,23,23,Michigan,69.70%,69.20%,66.40%,"5,039,080","5,001,766","7,229,512"
2008,33,24,Minnesota,78.10%,77.80%,73.20%,"2,921,147","2,910,369","3,740,142"
2008,46,25,Mississippi,,61.00%,58.90%,,"1,289,856","2,113,347"
2008,34,26,Missouri,68.20%,67.60%,64.90%,"2,950,504","2,925,205","4,327,572"
2008,64,27,Montana,67.10%,66.30%,65.10%,"497,599","491,960","741,853"
2008,35,28,Nebraska,63.70%,62.90%,59.40%,"811,923","801,281","1,274,719"
2008,65,29,Nevada,57.20%,57.00%,48.40%,"970,019","967,848","1,696,831"
2008,4,30,New Hampshire,72.50%,71.70%,69.60%,"719,643","710,970","992,226"
2008,12,31,New Jersey,67.70%,67.00%,58.20%,"3,910,220","3,868,237","5,776,527"
2008,66,32,New Mexico,61.20%,60.90%,55.10%,"833,365","830,158","1,362,629"
2008,13,33,New York,59.60%,59.00%,51.40%,"7,721,718","7,640,640","12,948,969"
2008,47,34,North Carolina,66.10%,65.50%,60.70%,"4,354,571","4,310,789","6,584,302"
2008,36,35,North Dakota,63.60%,62.70%,61.70%,"321,133","316,621","504,762"
2008,24,36,Ohio,67.80%,66.90%,65.10%,"5,773,777","5,698,260","8,513,079"
2008,53,37,Oklahoma,56.30%,55.80%,52.80%,"1,474,694","1,462,661","2,619,121"
2008,72,38,Oregon,68.30%,67.70%,62.70%,"1,845,251","1,827,864","2,700,327"
2008,14,39,Pennsylvania,64.20%,63.60%,61.30%,"6,071,357","6,012,692","9,457,942"
2008,5,40,Rhode Island,62.30%,61.80%,57.10%,"475,428","471,766","763,608"
2008,48,41,South Carolina,58.20%,58.00%,55.30%,"1,927,153","1,920,969","3,311,044"
2008,37,42,South Dakota,65.60%,64.70%,63.40%,"387,449","381,975","590,720"
2008,54,43,Tennessee,57.40%,57.00%,54.50%,"2,618,238","2,599,749","4,563,192"
2008,49,44,Texas,,54.10%,45.50%,,"8,077,795","14,929,810"
2008,67,45,Utah,57.10%,56.00%,51.80%,"971,185","952,370","1,700,286"
2008,6,46,Vermont,67.70%,67.30%,66.00%,"326,822","325,046","482,677"
2008,40,47,Virginia,67.60%,67.00%,61.80%,"3,753,059","3,723,260","5,555,415"
2008,73,48,Washington,67.30%,66.60%,60.30%,"3,071,587","3,036,878","4,561,163"
2008,56,49,West Virginia,51.20%,49.90%,49.10%,"731,691","713,362","1,430,439"
2008,25,50,Wisconsin,72.70%,72.40%,69.30%,"2,997,086","2,983,417","4,120,694"
2008,68,51,Wyoming,63.10%,62.80%,60.90%,"256,035","254,658","405,732"
2006,0,0,United States,41.30%,40.40%,37.20%,"85,769,132","83,815,592","207,643,594"
2006,41,1,Alabama,,37.50%,35.90%,,"1,250,401","3,338,467"
2006,81,2,Alaska,51.20%,51.00%,47.80%,"238,307","237,322","465,169"
2006,61,3,Arizona,39.60%,38.90%,33.30%,"1,553,032","1,526,782","3,923,786"
2006,42,4,Arkansas,38.90%,38.70%,36.40%,"780,409","774,680","2,004,193"
2006,71,5,California,41.20%,40.20%,32.20%,"8,899,059","8,679,416","21,582,217"
2006,62,6,Colorado,48.10%,47.30%,43.10%,"1,586,105","1,558,405","3,297,308"
2006,1,7,Connecticut,47.70%,46.60%,42.50%,"1,162,391","1,134,780","2,437,559"
2006,11,8,Delaware,42.90%,42.30%,39.00%,"258,053","254,099","601,341"
2006,55,9,District of Columbia,28.70%,28.30%,25.50%,"122,356","120,620","426,612"
2006,43,10,Florida,40.10%,39.60%,34.30%,"4,884,544","4,829,270","12,187,858"
2006,44,11,Georgia,35.10%,34.70%,30.70%,"2,143,845","2,122,258","6,115,331"
2006,82,12,Hawaii,38.40%,37.90%,34.60%,"348,988","344,315","908,925"
2006,63,13,Idaho,46.20%,45.40%,42.00%,"458,927","450,832","993,010"
2006,21,14,Illinois,41.40%,40.20%,36.30%,"3,586,292","3,486,671","8,667,453"
2006,22,15,Indiana,37.70%,36.60%,35.20%,"1,719,351","1,666,922","4,559,294"
2006,31,16,Iowa,49.20%,48.10%,46.30%,"1,071,509","1,048,033","2,178,322"
2006,32,17,Kansas,44.30%,43.60%,41.10%,"864,083","849,700","1,948,850"
2006,51,18,Kentucky,44.20%,40.40%,39.00%,"1,370,062","1,253,526","3,100,828"
2006,45,19,Louisiana,31.40%,29.70%,28.30%,"954,896","902,498","3,043,573"
2006,2,20,Maine,,54.20%,53.30%,,"550,865","1,016,287"
2006,52,21,Maryland,47.20%,46.70%,42.20%,"1,809,237","1,788,316","3,833,349"
2006,3,22,Massachusetts,49.30%,48.80%,44.40%,"2,243,835","2,219,779","4,552,794"
2006,23,23,Michigan,52.80%,52.10%,49.90%,"3,852,008","3,801,256","7,292,624"
2006,33,24,Minnesota,60.50%,60.10%,56.40%,"2,217,552","2,202,987","3,667,707"
2006,46,25,Mississippi,,29.40%,28.50%,,"610,921","2,077,420"
2006,34,26,Missouri,51.20%,50.00%,48.10%,"2,178,278","2,128,459","4,253,541"
2006,64,27,Montana,57.10%,56.40%,55.60%,"411,061","406,505","720,447"
2006,35,28,Nebraska,48.80%,47.60%,45.10%,"610,499","596,087","1,251,027"
2006,65,29,Nevada,37.10%,36.90%,31.10%,"586,274","582,572","1,579,222"
2006,4,30,New Hampshire,42.90%,41.40%,39.90%,"418,550","403,531","975,281"
2006,12,31,New Jersey,40.60%,39.50%,34.10%,"2,315,643","2,250,070","5,701,033"
2006,66,32,New Mexico,43.10%,42.50%,38.60%,"568,597","561,084","1,320,285"
2006,13,33,New York,36.50%,34.90%,30.30%,"4,703,830","4,490,053","12,878,632"
2006,47,34,North Carolina,32.50%,31.00%,28.70%,"2,036,451","1,940,808","6,264,630"
2006,36,35,North Dakota,45.40%,44.90%,44.10%,"220,479","218,152","486,142"
2006,24,36,Ohio,49.50%,47.50%,46.30%,"4,184,072","4,022,754","8,461,211"
2006,53,37,Oklahoma,,36.40%,34.30%,,"926,462","2,547,224"
2006,72,38,Oregon,53.20%,52.50%,48.40%,"1,399,650","1,379,475","2,628,937"
2006,14,39,Pennsylvania,,44.10%,42.60%,,"4,096,077","9,283,762"
2006,5,40,Rhode Island,52.10%,51.00%,46.70%,"392,882","384,993","754,219"
2006,48,41,South Carolina,35.40%,34.60%,33.10%,"1,117,311","1,091,952","3,152,046"
2006,37,42,South Dakota,58.80%,57.80%,56.40%,"341,105","335,508","580,592"
2006,54,43,Tennessee,42.10%,41.40%,39.50%,"1,868,363","1,833,695","4,433,921"
2006,49,44,Texas,,30.90%,25.80%,,"4,399,068","14,255,313"
2006,67,45,Utah,35.00%,34.30%,31.80%,"582,561","571,252","1,664,323"
2006,6,46,Vermont,55.00%,54.90%,53.80%,"263,025","262,726","478,247"
2006,40,47,Virginia,44.50%,44.00%,40.60%,"2,398,589","2,370,445","5,385,522"
2006,73,48,Washington,47.30%,47.30%,42.70%,"2,085,074","2,083,734","4,403,981"
2006,56,49,West Virginia,33.80%,32.80%,32.30%,"473,014","459,884","1,401,490"
2006,25,50,Wisconsin,53.70%,53.20%,50.80%,"2,183,155","2,161,700","4,064,432"
2006,68,51,Wyoming,51.80%,51.10%,49.40%,"196,217","193,892","379,127"
2004,0,0,United States,60.70%,60.10%,55.40%,"123,535,883","122,294,978","203,483,455"
2004,41,1,Alabama,57.40%,57.20%,55.20%,"1,890,317","1,883,415","3,292,608"
2004,81,2,Alaska,69.60%,69.10%,65.20%,"314,502","312,598","452,124"
2004,61,3,Arizona,54.80%,54.10%,47.00%,"2,038,069","2,012,585","3,717,055"
2004,42,4,Arkansas,54.40%,53.60%,51.00%,"1,070,573","1,054,945","1,969,208"
2004,71,5,California,59.60%,58.80%,47.10%,"12,589,367","12,421,852","21,132,533"
2004,62,6,Colorado,67.30%,66.70%,61.20%,"2,148,036","2,129,630","3,192,647"
2004,1,7,Connecticut,66.20%,65.00%,59.70%,"1,607,808","1,578,769","2,429,634"
2004,11,8,Delaware,64.50%,64.20%,59.40%,"377,407","375,190","584,817"
2004,55,9,District of Columbia,54.90%,54.30%,48.90%,"230,105","227,586","419,142"
2004,43,10,Florida,64.70%,64.40%,56.10%,"7,640,319","7,609,810","11,811,921"
2004,44,11,Georgia,56.40%,56.20%,50.00%,"3,317,336","3,301,875","5,878,186"
2004,82,12,Hawaii,48.50%,48.20%,44.10%,"431,662","429,013","889,540"
2004,63,13,Idaho,64.80%,63.20%,58.70%,"612,786","598,376","946,160"
2004,21,14,Illinois,62.40%,61.50%,55.70%,"5,350,493","5,274,322","8,576,696"
2004,22,15,Indiana,55.80%,54.80%,53.00%,"2,512,142","2,468,002","4,504,260"
2004,31,16,Iowa,70.60%,69.90%,67.40%,"1,521,966","1,506,908","2,156,389"
2004,32,17,Kansas,62.90%,61.60%,58.30%,"1,213,108","1,187,756","1,928,764"
2004,51,18,Kentucky,59.40%,58.70%,56.90%,"1,816,867","1,795,860","3,057,741"
2004,45,19,Louisiana,61.50%,61.10%,58.50%,"1,956,590","1,943,106","3,182,762"
2004,2,20,Maine,74.90%,73.80%,72.60%,"751,519","740,752","1,003,792"
2004,52,21,Maryland,63.10%,62.90%,57.20%,"2,395,791","2,386,705","3,797,264"
2004,3,22,Massachusetts,64.60%,64.20%,58.70%,"2,927,455","2,912,388","4,533,859"
2004,23,23,Michigan,67.10%,66.60%,63.90%,"4,875,692","4,839,252","7,263,024"
2004,33,24,Minnesota,78.80%,78.40%,73.90%,"2,842,912","2,828,387","3,609,185"
2004,46,25,Mississippi,,55.70%,54.20%,,"1,152,365","2,068,766"
2004,34,26,Missouri,66.10%,65.30%,62.90%,"2,764,635","2,731,364","4,180,960"
2004,64,27,Montana,65.20%,64.40%,63.40%,"456,096","450,445","699,114"
2004,35,28,Nebraska,64.10%,62.90%,59.80%,"792,906","778,186","1,236,522"
2004,65,29,Nevada,55.40%,55.30%,47.30%,"831,563","829,587","1,501,437"
2004,4,30,New Hampshire,71.50%,70.90%,68.40%,"683,672","677,738","956,422"
2004,12,31,New Jersey,64.20%,63.80%,55.20%,"3,638,153","3,611,691","5,663,201"
2004,66,32,New Mexico,60.40%,59.00%,53.90%,"775,301","756,304","1,282,767"
2004,13,33,New York,58.50%,58.00%,50.20%,"7,448,266","7,391,249","12,738,056"
2004,47,34,North Carolina,58.70%,57.80%,53.90%,"3,552,449","3,501,007","6,055,771"
2004,36,35,North Dakota,65.50%,64.80%,63.80%,"316,049","312,833","482,722"
2004,24,36,Ohio,67.90%,66.80%,65.10%,"5,722,443","5,627,908","8,427,696"
2004,53,37,Oklahoma,,58.30%,55.30%,,"1,463,758","2,510,823"
2004,72,38,Oregon,72.60%,72.00%,66.80%,"1,851,671","1,836,782","2,550,887"
2004,14,39,Pennsylvania,,62.60%,60.60%,,"5,769,590","9,221,962"
2004,5,40,Rhode Island,58.90%,58.50%,52.90%,"440,228","437,134","747,046"
2004,48,41,South Carolina,53.20%,53.00%,50.70%,"1,626,720","1,617,730","3,055,098"
2004,37,42,South Dakota,69.40%,68.20%,66.90%,"394,930","388,215","569,161"
2004,54,43,Tennessee,56.80%,56.30%,54.10%,"2,456,610","2,437,319","4,328,446"
2004,49,44,Texas,,53.70%,45.40%,,"7,410,765","13,796,256"
2004,67,45,Utah,59.80%,58.90%,54.70%,"942,010","927,844","1,574,463"
2004,6,46,Vermont,66.70%,66.30%,65.00%,"314,220","312,309","470,754"
2004,40,47,Virginia,61.10%,60.60%,56.20%,"3,223,156","3,198,367","5,277,156"
2004,73,48,Washington,67.50%,66.90%,60.80%,"2,883,499","2,859,084","4,272,914"
2004,56,49,West Virginia,55.10%,54.10%,53.40%,"769,645","755,887","1,396,545"
2004,25,50,Wisconsin,75.30%,74.80%,71.60%,"3,016,288","2,997,007","4,006,948"
2004,68,51,Wyoming,66.30%,65.70%,63.70%,"245,789","243,428","370,785"
2002,0,0,United States,40.50%,39.50%,36.30%,"80,295,249","78,381,943","198,381,939"
2002,41,1,Alabama,,41.50%,40.40%,,"1,364,602","3,285,643"
2002,81,2,Alaska,54.50%,54.20%,51.00%,"232,852","231,484","427,337"
2002,61,3,Arizona,36.70%,35.90%,30.70%,"1,255,615","1,226,111","3,419,481"
2002,42,4,Arkansas,41.70%,41.30%,39.70%,"814,176","805,696","1,951,568"
2002,71,5,California,37.30%,36.10%,29.00%,"7,738,821","7,476,351","20,733,192"
2002,62,6,Colorado,46.60%,46.30%,42.00%,"1,424,029","1,416,093","3,056,465"
2002,1,7,Connecticut,45.10%,42.30%,38.90%,"1,090,756","1,022,942","2,418,037"
2002,11,8,Delaware,,41.10%,37.90%,,"232,314","564,938"
2002,55,9,District of Columbia,,30.10%,27.10%,,"124,228","412,062"
2002,43,10,Florida,45.90%,45.60%,39.50%,"5,143,674","5,100,581","11,194,391"
2002,44,11,Georgia,,35.40%,32.20%,,"2,031,604","5,731,983"
2002,82,12,Hawaii,44.20%,43.80%,40.20%,"385,462","382,110","872,992"
2002,63,13,Idaho,45.20%,44.70%,42.00%,"416,533","411,477","921,256"
2002,21,14,Illinois,42.80%,41.40%,37.70%,"3,651,808","3,538,883","8,540,965"
2002,22,15,Indiana,34.80%,33.90%,33.30%,"1,562,037","1,521,353","4,494,191"
2002,31,16,Iowa,48.70%,47.90%,45.70%,"1,040,201","1,023,075","2,136,683"
2002,32,17,Kansas,44.90%,44.00%,41.40%,"851,966","835,692","1,897,261"
2002,51,18,Kentucky,,37.20%,36.40%,,"1,131,313","3,044,267"
2002,45,19,Louisiana,40.10%,39.40%,37.80%,"1,267,225","1,246,333","3,163,663"
2002,2,20,Maine,,50.80%,50.10%,,"505,190","995,056"
2002,52,21,Maryland,46.80%,46.30%,41.60%,"1,721,626","1,704,560","3,678,346"
2002,3,22,Massachusetts,49.80%,49.20%,44.40%,"2,220,301","2,194,189","4,458,820"
2002,23,23,Michigan,45.00%,44.50%,42.30%,"3,219,864","3,177,565","7,147,888"
2002,33,24,Minnesota,,64.10%,59.70%,,"2,254,639","3,518,184"
2002,46,25,Mississippi,,30.10%,29.20%,,"615,609","2,047,426"
2002,34,26,Missouri,,45.60%,43.90%,,"1,877,620","4,116,889"
2002,64,27,Montana,49.70%,48.40%,47.70%,"340,272","331,321","684,572"
2002,35,28,Nebraska,,39.90%,37.30%,,"480,991","1,204,512"
2002,65,29,Nevada,36.80%,36.20%,31.10%,"512,433","504,079","1,391,100"
2002,4,30,New Hampshire,48.70%,48.10%,46.00%,"453,078","447,135","930,362"
2002,12,31,New Jersey,38.90%,38.10%,32.60%,"2,161,105","2,112,604","5,549,726"
2002,66,32,New Mexico,40.00%,38.60%,35.70%,"502,230","484,229","1,255,086"
2002,13,33,New York,37.00%,36.10%,31.40%,"4,690,968","4,579,078","12,679,865"
2002,47,34,North Carolina,,39.70%,37.20%,,"2,331,181","5,876,705"
2002,36,35,North Dakota,49.80%,48.50%,47.60%,"237,224","231,030","476,251"
2002,24,36,Ohio,40.30%,38.80%,37.60%,"3,356,285","3,228,992","8,322,521"
2002,53,37,Oklahoma,,41.20%,39.60%,,"1,035,620","2,513,143"
2002,72,38,Oregon,51.80%,50.80%,47.20%,"1,293,756","1,267,221","2,495,739"
2002,14,39,Pennsylvania,,38.80%,37.30%,,"3,545,431","9,143,001"
2002,5,40,Rhode Island,45.40%,44.70%,40.10%,"337,027","331,834","741,776"
2002,48,41,South Carolina,,36.90%,35.60%,,"1,102,010","2,982,810"
2002,37,42,South Dakota,61.20%,60.70%,59.70%,"340,407","337,497","556,154"
2002,54,43,Tennessee,,39.60%,37.30%,,"1,644,741","4,151,834"
2002,49,44,Texas,34.50%,34.20%,28.80%,"4,552,059","4,514,012","13,181,016"
2002,67,45,Utah,37.80%,37.00%,35.00%,"568,290","557,153","1,504,529"
2002,6,46,Vermont,49.40%,48.80%,48.10%,"232,993","230,161","471,403"
2002,40,47,Virginia,32.30%,29.00%,26.90%,"1,661,915","1,489,422","5,138,270"
2002,73,48,Washington,43.50%,41.80%,37.90%,"1,808,720","1,739,116","4,162,032"
2002,56,49,West Virginia,31.50%,31.20%,30.80%,"440,156","436,183","1,398,124"
2002,25,50,Wisconsin,,45.40%,43.20%,,"1,775,349","3,908,088"
2002,68,51,Wyoming,50.80%,50.10%,49.20%,"188,028","185,459","370,488"
2000,0,0,United States,55.30%,54.20%,50.00%,"107,390,107","105,375,486","194,331,436"
2000,41,1,Alabama,,51.60%,50.10%,,"1,672,551","3,241,682"
2000,81,2,Alaska,68.70%,68.10%,65.00%,"287,825","285,560","419,111"
2000,61,3,Arizona,46.40%,45.60%,40.20%,"1,559,520","1,532,016","3,357,701"
2000,42,4,Arkansas,,47.90%,46.00%,,"921,781","1,925,961"
2000,71,5,California,56.60%,55.70%,44.10%,"11,142,843","10,965,849","19,685,258"
2000,62,6,Colorado,,57.50%,53.70%,,"1,741,368","3,026,316"
2000,1,7,Connecticut,62.50%,61.90%,56.60%,"1,474,103","1,459,525","2,357,687"
2000,11,8,Delaware,,59.00%,54.90%,,"327,529","554,863"
2000,55,9,District of Columbia,,48.30%,43.90%,,"201,355","416,696"
2000,43,10,Florida,57.50%,55.90%,47.90%,"6,138,765","5,963,110","10,667,193"
2000,44,11,Georgia,47.60%,45.80%,42.40%,"2,684,951","2,583,208","5,639,668"
2000,82,12,Hawaii,44.60%,44.20%,39.90%,"371,113","367,951","832,642"
2000,63,13,Idaho,58.90%,57.20%,53.50%,"516,647","501,615","877,406"
2000,21,14,Illinois,58.50%,56.20%,51.40%,"4,932,192","4,742,123","8,432,600"
2000,22,15,Indiana,50.80%,49.30%,48.30%,"2,246,348","2,182,295","4,424,909"
2000,31,16,Iowa,,63.20%,59.60%,,"1,315,563","2,082,950"
2000,32,17,Kansas,56.70%,55.60%,54.00%,"1,092,716","1,072,216","1,927,950"
2000,51,18,Kentucky,53.10%,52.20%,50.40%,"1,568,058","1,544,107","2,955,628"
2000,45,19,Louisiana,56.70%,56.40%,54.20%,"1,776,133","1,765,656","3,130,267"
2000,2,20,Maine,,67.20%,66.40%,,"651,817","969,292"
2000,52,21,Maryland,55.80%,55.50%,51.00%,"2,036,455","2,025,480","3,649,631"
2000,3,22,Massachusetts,60.60%,59.90%,55.40%,"2,736,006","2,704,984","4,517,052"
2000,23,23,Michigan,60.50%,59.90%,57.30%,"4,279,299","4,232,501","7,070,702"
2000,33,24,Minnesota,70.10%,69.50%,66.40%,"2,458,303","2,438,657","3,506,432"
2000,46,25,Mississippi,,49.10%,47.80%,,"994,184","2,024,650"
2000,34,26,Missouri,,58.20%,56.20%,,"2,359,892","4,052,255"
2000,64,27,Montana,62.60%,61.60%,60.60%,"417,916","410,986","667,525"
2000,35,28,Nebraska,57.80%,56.90%,55.00%,"707,223","696,983","1,224,178"
2000,65,29,Nevada,45.60%,45.20%,40.20%,"613,360","608,970","1,346,116"
2000,4,30,New Hampshire,65.00%,63.90%,60.70%,"578,656","569,081","890,622"
2000,12,31,New Jersey,58.80%,56.90%,50.10%,"3,293,378","3,187,226","5,601,788"
2000,66,32,New Mexico,49.90%,48.50%,45.40%,"615,607","598,605","1,234,088"
2000,13,33,New York,56.20%,55.10%,47.50%,"6,960,215","6,821,999","12,380,208"
2000,47,34,North Carolina,52.50%,50.70%,47.50%,"3,015,964","2,911,262","5,744,241"
2000,36,35,North Dakota,61.10%,60.30%,59.70%,"292,249","288,256","477,968"
2000,24,36,Ohio,57.80%,56.70%,55.40%,"4,795,989","4,705,457","8,295,592"
2000,53,37,Oklahoma,,49.90%,48.00%,,"1,234,229","2,475,220"
2000,72,38,Oregon,65.90%,64.90%,59.10%,"1,559,215","1,533,968","2,364,402"
2000,14,39,Pennsylvania,,54.10%,52.30%,,"4,912,185","9,086,897"
2000,5,40,Rhode Island,54.70%,54.20%,50.70%,"412,074","408,783","753,877"
2000,48,41,South Carolina,48.70%,47.00%,45.70%,"1,433,533","1,382,717","2,944,326"
2000,37,42,South Dakota,58.70%,57.70%,56.90%,"322,159","316,269","548,498"
2000,54,43,Tennessee,50.50%,49.90%,48.10%,"2,100,241","2,076,181","4,162,996"
2000,49,44,Texas,49.20%,49.20%,42.40%,"6,407,637","6,407,037","13,033,081"
2000,67,45,Utah,54.80%,53.80%,50.30%,"784,582","770,754","1,431,668"
2000,6,46,Vermont,64.70%,64.10%,63.10%,"297,146","294,308","459,174"
2000,40,47,Virginia,55.00%,54.00%,50.90%,"2,789,808","2,739,447","5,069,265"
2000,73,48,Washington,61.40%,60.70%,56.20%,"2,517,028","2,487,433","4,098,044"
2000,56,49,West Virginia,,46.60%,46.10%,,"648,124","1,390,365"
2000,25,50,Wisconsin,,67.60%,64.50%,,"2,598,607","3,842,044"
2000,68,51,Wyoming,61.40%,59.20%,58.20%,"221,685","213,726","361,078"
1998,0,0,United States,39.30%,38.10%,35.30%,"74,825,832","72,537,000","190,419,570"
1998,41,1,Alabama,,41.20%,40.00%,,"1,317,842","3,202,052"
1998,81,2,Alaska,55.60%,54.60%,52.00%,"227,156","223,300","408,758"
1998,61,3,Arizona,32.10%,31.50%,28.00%,"1,037,550","1,017,616","3,232,815"
1998,42,4,Arkansas,,37.50%,36.20%,,"706,011","1,882,181"
1998,71,5,California,44.70%,43.50%,35.00%,"8,617,649","8,381,871","19,264,556"
1998,62,6,Colorado,,46.10%,43.00%,,"1,327,235","2,879,973"
1998,1,7,Connecticut,43.70%,42.70%,39.30%,"1,022,453","999,537","2,340,956"
1998,11,8,Delaware,,33.40%,31.30%,,"180,527","540,896"
1998,55,9,District of Columbia,34.50%,34.00%,29.90%,"137,523","135,501","398,318"
1998,43,10,Florida,38.40%,37.40%,33.00%,"4,070,262","3,965,751","10,590,870"
1998,44,11,Georgia,34.60%,33.70%,30.80%,"1,842,145","1,792,880","5,326,337"
1998,82,12,Hawaii,49.60%,49.00%,44.80%,"412,520","407,556","832,172"
1998,63,13,Idaho,45.80%,45.20%,42.50%,"386,720","381,248","843,914"
1998,21,14,Illinois,42.70%,41.00%,37.40%,"3,541,379","3,394,521","8,285,614"
1998,22,15,Indiana,37.20%,36.50%,35.60%,"1,618,689","1,588,617","4,348,730"
1998,31,16,Iowa,46.10%,45.30%,43.90%,"973,032","956,415","2,112,132"
1998,32,17,Kansas,39.70%,38.80%,37.20%,"743,288","727,236","1,873,438"
1998,51,18,Kentucky,41.50%,39.10%,38.20%,"1,215,053","1,145,414","2,930,780"
1998,45,19,Louisiana,32.00%,31.30%,30.10%,"990,243","969,165","3,097,660"
1998,2,20,Maine,,51.60%,50.80%,,"486,808","943,577"
1998,52,21,Maryland,43.60%,43.00%,39.60%,"1,556,994","1,535,978","3,571,087"
1998,3,22,Massachusetts,43.70%,43.00%,39.70%,"1,935,277","1,903,336","4,430,939"
1998,23,23,Michigan,44.90%,43.40%,41.70%,"3,143,432","3,036,886","7,005,306"
1998,33,24,Minnesota,62.30%,61.90%,58.80%,"2,105,343","2,091,766","3,378,089"
1998,46,25,Mississippi,,27.60%,27.00%,,"550,694","1,995,283"
1998,34,26,Missouri,,39.60%,38.40%,,"1,576,857","3,978,146"
1998,64,27,Montana,51.80%,50.70%,50.00%,"338,733","331,551","653,998"
1998,35,28,Nebraska,48.60%,45.50%,43.70%,"581,775","545,238","1,197,953"
1998,65,29,Nevada,35.70%,35.30%,31.10%,"440,042","435,790","1,233,386"
1998,4,30,New Hampshire,37.60%,36.30%,35.30%,"330,555","318,940","878,508"
1998,12,31,New Jersey,34.40%,32.90%,29.00%,"1,894,496","1,813,094","5,505,229"
1998,66,32,New Mexico,43.10%,41.60%,38.80%,"517,355","498,703","1,199,320"
1998,13,33,New York,40.70%,38.60%,33.50%,"4,989,877","4,735,236","12,263,356"
1998,47,34,North Carolina,,35.80%,33.80%,,"2,012,143","5,624,292"
1998,36,35,North Dakota,45.70%,44.90%,44.30%,"217,584","213,358","475,629"
1998,24,36,Ohio,42.90%,41.30%,40.40%,"3,534,782","3,404,351","8,237,516"
1998,53,37,Oklahoma,,36.20%,34.70%,,"873,585","2,415,036"
1998,72,38,Oregon,49.00%,47.20%,44.20%,"1,160,400","1,117,747","2,370,381"
1998,14,39,Pennsylvania,,33.30%,32.50%,,"3,025,152","9,075,961"
1998,5,40,Rhode Island,42.80%,42.30%,38.80%,"309,835","306,445","723,772"
1998,48,41,South Carolina,38.70%,38.10%,36.70%,"1,092,430","1,077,135","2,825,173"
1998,37,42,South Dakota,49.80%,49.00%,48.30%,"266,355","262,111","534,711"
1998,54,43,Tennessee,25.10%,23.90%,23.10%,"1,026,017","976,236","4,092,745"
1998,49,44,Texas,,29.90%,25.80%,,"3,738,078","12,490,423"
1998,67,45,Utah,36.70%,35.80%,33.70%,"506,553","494,909","1,381,989"
1998,6,46,Vermont,50.40%,49.00%,48.10%,"224,382","218,120","444,772"
1998,40,47,Virginia,,23.40%,22.00%,,"1,148,861","4,900,523"
1998,73,48,Washington,49.30%,48.40%,44.30%,"1,939,421","1,902,482","3,930,400"
1998,56,49,West Virginia,29.20%,25.30%,25.00%,"405,139","351,277","1,388,176"
1998,25,50,Wisconsin,,46.30%,44.60%,,"1,760,836","3,801,514"
1998,68,51,Wyoming,51.00%,49.90%,48.70%,"178,401","174,888","350,136"
1996,0,0,United States,,51.70%,48.10%,,"96,262,935","186,347,044"
1996,41,1,Alabama,,48.80%,47.50%,,"1,534,349","3,144,249"
1996,81,2,Alaska,60.70%,59.80%,57.00%,"245,212","241,620","404,180"
1996,61,3,Arizona,46.50%,45.60%,41.10%,"1,431,342","1,404,405","3,079,908"
1996,42,4,Arkansas,,47.90%,46.50%,,"884,262","1,844,689"
1996,71,5,California,55.00%,53.70%,43.40%,"10,263,490","10,019,484","18,644,593"
1996,62,6,Colorado,,54.50%,51.40%,,"1,510,704","2,770,252"
1996,1,7,Connecticut,60.40%,59.60%,55.10%,"1,410,746","1,392,614","2,337,160"
1996,11,8,Delaware,52.50%,51.20%,48.40%,"277,418","270,810","528,630"
1996,55,9,District of Columbia,47.40%,46.60%,41.30%,"189,210","185,726","398,839"
1996,43,10,Florida,53.30%,51.90%,46.10%,"5,444,245","5,300,927","10,219,294"
1996,44,11,Georgia,45.80%,44.40%,41.40%,"2,374,650","2,298,899","5,181,708"
1996,82,12,Hawaii,45.10%,43.90%,40.20%,"370,230","360,120","820,055"
1996,63,13,Idaho,61.60%,59.30%,57.20%,"508,030","489,481","825,329"
1996,21,14,Illinois,53.80%,52.50%,48.30%,"4,418,270","4,311,391","8,215,662"
1996,22,15,Indiana,51.00%,49.60%,48.60%,"2,195,224","2,135,431","4,302,745"
1996,31,16,Iowa,59.70%,58.80%,57.30%,"1,251,983","1,234,075","2,098,332"
1996,32,17,Kansas,57.80%,57.30%,55.30%,"1,073,520","1,063,452","1,856,507"
1996,51,18,Kentucky,49.30%,48.20%,47.30%,"1,419,592","1,388,707","2,880,808"
1996,45,19,Louisiana,58.40%,57.80%,56.40%,"1,804,640","1,783,959","3,087,693"
1996,2,20,Maine,,65.20%,64.20%,,"605,897","929,970"
1996,52,21,Maryland,50.80%,50.40%,46.70%,"1,793,991","1,780,870","3,530,148"
1996,3,22,Massachusetts,59.30%,58.40%,54.20%,"2,600,278","2,559,180","4,385,268"
1996,23,23,Michigan,56.30%,55.30%,53.40%,"3,912,261","3,848,844","6,954,059"
1996,33,24,Minnesota,66.60%,66.10%,63.10%,"2,211,161","2,192,640","3,319,509"
1996,46,25,Mississippi,,45.90%,45.00%,,"893,857","1,949,309"
1996,34,26,Missouri,,55.10%,53.50%,,"2,158,065","3,919,885"
1996,64,27,Montana,64.70%,63.10%,62.30%,"417,232","407,083","645,052"
1996,35,28,Nebraska,57.80%,57.00%,55.10%,"686,749","677,415","1,188,034"
1996,65,29,Nevada,41.20%,40.90%,36.50%,"467,657","464,279","1,134,065"
1996,4,30,New Hampshire,60.10%,58.30%,56.80%,"513,700","499,053","855,287"
1996,12,31,New Jersey,56.90%,56.40%,50.00%,"3,105,110","3,075,860","5,456,334"
1996,66,32,New Mexico,49.50%,47.40%,44.50%,"579,763","556,074","1,172,262"
1996,13,33,New York,52.90%,51.90%,45.30%,"6,439,129","6,316,129","12,175,850"
1996,47,34,North Carolina,,46.30%,44.00%,,"2,515,807","5,435,970"
1996,36,35,North Dakota,57.10%,56.00%,55.30%,"271,850","266,411","475,898"
1996,24,36,Ohio,56.70%,55.40%,54.20%,"4,638,108","4,534,434","8,185,999"
1996,53,37,Oklahoma,51.40%,51.00%,49.00%,"1,218,248","1,206,713","2,368,311"
1996,72,38,Oregon,60.60%,59.70%,56.30%,"1,399,180","1,377,760","2,309,051"
1996,14,39,Pennsylvania,,49.70%,48.50%,,"4,506,118","9,063,470"
1996,5,40,Rhode Island,,54.40%,49.90%,,"390,247","717,041"
1996,48,41,South Carolina,44.10%,42.20%,40.80%,"1,203,486","1,151,422","2,731,064"
1996,37,42,South Dakota,62.20%,61.10%,60.30%,"329,316","323,826","529,793"
1996,54,43,Tennessee,,47.50%,46.30%,,"1,894,105","3,984,092"
1996,49,44,Texas,,46.50%,40.40%,,"5,611,644","12,072,149"
1996,67,45,Utah,52.10%,50.20%,47.70%,"691,016","665,629","1,326,919"
1996,6,46,Vermont,60.00%,59.30%,58.20%,"261,469","258,449","435,687"
1996,40,47,Virginia,51.30%,50.20%,47.30%,"2,468,229","2,416,642","4,811,632"
1996,73,48,Washington,59.90%,58.90%,54.30%,"2,293,895","2,253,867","3,829,308"
1996,56,49,West Virginia,47.10%,45.90%,45.50%,"653,331","636,459","1,386,621"
1996,25,50,Wisconsin,,58.40%,56.50%,,"2,196,169","3,763,240"
1996,68,51,Wyoming,62.50%,61.30%,59.90%,"215,844","211,571","345,112"
1994,0,0,United States,0.00%,41.10%,38.50%,,"75,105,860","182,623,348"
1994,41,1,Alabama,,38.80%,37.90%,,"1,201,969","3,095,745"
1994,81,2,Alaska,54.20%,53.40%,51.20%,"216,668","213,404","399,435"
1994,61,3,Arizona,39.90%,39.10%,35.60%,"1,153,724","1,129,607","2,892,171"
1994,42,4,Arkansas,,39.80%,38.80%,,"716,840","1,801,161"
1994,71,5,California,48.20%,46.90%,38.10%,"8,900,593","8,658,881","18,479,124"
1994,62,6,Colorado,44.30%,42.10%,40.10%,"1,173,130","1,116,307","2,648,684"
1994,1,7,Connecticut,49.80%,49.10%,45.60%,"1,163,829","1,147,084","2,335,579"
1994,11,8,Delaware,39.30%,38.80%,36.80%,"201,560","199,029","512,941"
1994,55,9,District of Columbia,45.20%,44.60%,39.60%,"186,316","183,649","411,886"
1994,43,10,Florida,43.90%,42.90%,38.20%,"4,305,340","4,206,659","9,810,247"
1994,44,11,Georgia,,31.00%,29.20%,,"1,545,328","4,978,431"
1994,82,12,Hawaii,46.60%,45.60%,41.80%,"377,011","369,013","808,904"
1994,63,13,Idaho,53.50%,52.70%,51.00%,"419,330","413,346","784,076"
1994,21,14,Illinois,39.40%,38.00%,35.20%,"3,219,122","3,106,566","8,175,312"
1994,22,15,Indiana,38.00%,36.40%,35.80%,"1,609,481","1,543,568","4,235,008"
1994,31,16,Iowa,49.20%,48.00%,46.90%,"1,022,372","997,248","2,077,709"
1994,32,17,Kansas,45.50%,44.70%,43.40%,"836,251","820,846","1,837,694"
1994,51,18,Kentucky,29.20%,27.70%,27.20%,"827,541","784,299","2,829,881"
1994,45,19,Louisiana,29.40%,27.20%,26.60%,"893,758","826,837","3,038,660"
1994,2,20,Maine,,55.70%,54.90%,,"511,733","918,204"
1994,52,21,Maryland,41.30%,40.50%,37.60%,"1,437,450","1,410,299","3,480,270"
1994,3,22,Massachusetts,51.30%,50.10%,46.70%,"2,232,186","2,179,945","4,353,287"
1994,23,23,Michigan,46.30%,45.10%,43.60%,"3,177,740","3,089,077","6,856,388"
1994,33,24,Minnesota,55.20%,54.50%,52.40%,"1,794,618","1,772,929","3,253,779"
1994,46,25,Mississippi,32.60%,31.90%,31.40%,"621,096","608,085","1,903,794"
1994,34,26,Missouri,,46.00%,44.80%,,"1,775,116","3,858,946"
1994,64,27,Montana,57.80%,56.30%,55.70%,"359,455","350,387","622,246"
1994,35,28,Nebraska,51.00%,49.80%,48.20%,"593,654","579,561","1,164,502"
1994,65,29,Nevada,37.40%,36.90%,33.30%,"386,582","380,530","1,032,456"
1994,4,30,New Hampshire,38.50%,37.60%,36.60%,"319,443","311,882","829,590"
1994,12,31,New Jersey,39.50%,38.10%,33.90%,"2,131,328","2,054,887","5,392,423"
1994,66,32,New Mexico,43.10%,41.40%,39.10%,"485,709","467,621","1,128,243"
1994,13,33,New York,43.70%,42.70%,37.50%,"5,325,323","5,203,762","12,192,316"
1994,47,34,North Carolina,,30.30%,29.00%,,"1,588,190","5,244,552"
1994,36,35,North Dakota,51.30%,50.40%,49.90%,"240,430","236,547","468,989"
1994,24,36,Ohio,43.50%,42.30%,41.40%,"3,540,954","3,436,884","8,132,122"
1994,53,37,Oklahoma,43.10%,42.70%,41.30%,"1,002,363","995,012","2,327,519"
1994,72,38,Oregon,56.30%,54.80%,52.10%,"1,254,265","1,221,010","2,229,242"
1994,14,39,Pennsylvania,,39.60%,38.80%,,"3,585,526","9,043,585"
1994,5,40,Rhode Island,,50.50%,46.50%,,"361,377","716,002"
1994,48,41,South Carolina,35.70%,35.10%,34.00%,"951,901","934,886","2,663,830"
1994,37,42,South Dakota,61.30%,60.10%,59.40%,"318,090","311,613","518,815"
1994,54,43,Tennessee,,38.60%,37.70%,,"1,487,130","3,850,228"
1994,49,44,Texas,,37.50%,33.00%,,"4,396,242","11,719,888"
1994,67,45,Utah,42.70%,41.50%,39.80%,"532,737","517,790","1,248,726"
1994,6,46,Vermont,50.80%,49.50%,48.70%,"216,715","211,449","426,953"
1994,40,47,Virginia,,43.60%,41.30%,,"2,057,463","4,718,968"
1994,73,48,Washington,46.70%,45.80%,42.60%,"1,733,471","1,700,173","3,715,174"
1994,56,49,West Virginia,31.90%,30.50%,30.20%,"439,551","420,936","1,379,339"
1994,25,50,Wisconsin,,42.40%,41.20%,,"1,565,628","3,692,668"
1994,68,51,Wyoming,60.50%,59.80%,58.60%,"204,025","201,710","337,032"
1992,0,0,United States,0.00%,58.10%,54.70%,,"104,405,155","179,655,523"
1992,41,1,Alabama,,55.70%,54.50%,,"1,688,060","3,030,549"
1992,81,2,Alaska,67.10%,66.30%,63.60%,"261,427","258,506","389,898"
1992,61,3,Arizona,56.70%,55.70%,51.30%,"1,516,276","1,486,975","2,671,933"
1992,42,4,Arkansas,,54.30%,53.10%,,"950,653","1,751,083"
1992,71,5,California,61.60%,60.30%,49.30%,"11,374,565","11,131,721","18,460,157"
1992,62,6,Colorado,64.00%,62.90%,60.30%,"1,597,166","1,569,180","2,494,998"
1992,1,7,Connecticut,69.80%,68.60%,64.10%,"1,645,609","1,616,332","2,356,937"
1992,11,8,Delaware,58.30%,58.00%,55.30%,"290,836","289,735","499,266"
1992,55,9,District of Columbia,54.20%,53.30%,47.70%,"231,445","227,572","427,102"
1992,43,10,Florida,57.20%,55.90%,50.20%,"5,438,612","5,314,392","9,506,230"
1992,44,11,Georgia,,48.50%,45.90%,,"2,311,253","4,766,958"
1992,82,12,Hawaii,48.20%,46.90%,43.00%,"382,882","372,842","795,148"
1992,63,13,Idaho,66.90%,65.60%,63.80%,"491,725","482,142","734,855"
1992,21,14,Illinois,63.60%,62.20%,58.10%,"5,164,357","5,050,157","8,113,900"
1992,22,15,Indiana,56.40%,55.40%,54.50%,"2,347,912","2,305,871","4,162,678"
1992,31,16,Iowa,66.10%,65.80%,64.50%,"1,360,856","1,354,607","2,057,690"
1992,32,17,Kansas,64.10%,63.90%,62.30%,"1,161,044","1,157,335","1,810,750"
1992,51,18,Kentucky,,53.80%,53.00%,,"1,492,900","2,772,600"
1992,45,19,Louisiana,60.00%,59.70%,58.40%,"1,799,596","1,790,017","2,997,301"
1992,2,20,Maine,,74.30%,73.10%,,"679,499","915,082"
1992,52,21,Maryland,58.10%,57.70%,53.70%,"1,999,486","1,985,046","3,440,015"
1992,3,22,Massachusetts,64.90%,63.80%,59.80%,"2,822,962","2,773,700","4,346,897"
1992,23,23,Michigan,64.00%,63.00%,61.10%,"4,341,909","4,274,673","6,786,593"
1992,33,24,Minnesota,73.90%,73.70%,71.20%,"2,355,796","2,347,948","3,187,255"
1992,46,25,Mississippi,54.30%,52.90%,52.20%,"1,008,019","981,793","1,854,797"
1992,34,26,Missouri,,63.10%,61.60%,,"2,391,565","3,792,675"
1992,64,27,Montana,70.40%,69.20%,68.50%,"417,564","410,611","593,345"
1992,35,28,Nebraska,64.80%,64.20%,62.60%,"744,548","737,546","1,149,525"
1992,65,29,Nevada,54.60%,53.90%,49.30%,"513,387","506,318","940,066"
1992,4,30,New Hampshire,67.00%,66.10%,64.50%,"545,197","537,943","814,160"
1992,12,31,New Jersey,62.00%,61.90%,55.70%,"3,348,312","3,343,594","5,398,559"
1992,66,32,New Mexico,55.00%,53.10%,50.40%,"590,901","569,986","1,073,421"
1992,13,33,New York,57.80%,56.60%,50.20%,"7,068,630","6,926,925","12,227,775"
1992,47,34,North Carolina,,51.40%,49.70%,,"2,611,850","5,077,494"
1992,36,35,North Dakota,68.10%,66.60%,66.00%,"315,199","308,133","462,631"
1992,24,36,Ohio,62.50%,61.30%,60.20%,"5,043,094","4,939,967","8,063,595"
1992,53,37,Oklahoma,63.50%,60.60%,58.80%,"1,455,635","1,390,359","2,293,931"
1992,72,38,Oregon,69.90%,68.20%,65.30%,"1,498,959","1,462,643","2,144,867"
1992,14,39,Pennsylvania,,54.90%,53.90%,,"4,949,810","9,010,940"
1992,5,40,Rhode Island,,62.80%,58.20%,,"453,471","721,593"
1992,48,41,South Carolina,47.30%,46.10%,44.80%,"1,234,712","1,202,527","2,610,725"
1992,37,42,South Dakota,,66.70%,66.10%,,"336,254","503,759"
1992,54,43,Tennessee,,53.20%,52.00%,,"1,982,638","3,726,024"
1992,49,44,Texas,,54.20%,48.30%,,"6,154,018","11,356,487"
1992,67,45,Utah,67.50%,64.00%,61.80%,"784,988","743,999","1,162,363"
1992,6,46,Vermont,69.70%,69.00%,67.90%,"292,797","289,701","419,810"
1992,40,47,Virginia,,55.40%,52.70%,,"2,558,665","4,622,125"
1992,73,48,Washington,65.00%,64.00%,59.80%,"2,324,907","2,288,230","3,575,852"
1992,56,49,West Virginia,,50.10%,49.60%,,"683,762","1,365,368"
1992,25,50,Wisconsin,,69.90%,68.20%,,"2,531,114","3,619,273"
1992,68,51,Wyoming,62.80%,61.90%,60.60%,"203,602","200,617","324,253"
1990,0,0,United States,0.00%,38.40%,36.50%,,"67,859,189","176,629,259"
1990,41,1,Alabama,,41.10%,40.40%,,"1,215,889","2,956,385"
1990,81,2,Alaska,54.20%,53.40%,51.30%,"197,540","194,750","364,419"
1990,61,3,Arizona,43.40%,41.80%,39.00%,"1,094,735","1,055,406","2,523,614"
1990,42,4,Arkansas,,40.70%,39.90%,,"696,209","1,710,799"
1990,71,5,California,43.50%,42.40%,34.90%,"7,899,131","7,699,420","18,156,500"
1990,62,6,Colorado,44.20%,43.20%,41.80%,"1,046,139","1,022,027","2,366,650"
1990,1,7,Connecticut,48.60%,47.90%,45.00%,"1,159,361","1,141,101","2,383,795"
1990,11,8,Delaware,37.80%,37.00%,35.50%,"183,977","180,152","486,760"
1990,55,9,District of Columbia,38.90%,38.30%,34.50%,"171,677","169,066","441,742"
1990,43,10,Florida,,38.60%,34.80%,,"3,530,871","9,145,312"
1990,44,11,Georgia,,31.60%,30.20%,,"1,449,652","4,588,953"
1990,82,12,Hawaii,45.90%,45.40%,41.70%,"354,144","349,666","770,836"
1990,63,13,Idaho,47.60%,46.50%,45.30%,"328,340","320,610","690,154"
1990,21,14,Illinois,42.60%,40.60%,38.20%,"3,420,720","3,257,410","8,029,525"
1990,22,15,Indiana,38.40%,36.80%,36.30%,"1,566,371","1,502,687","4,080,236"
1990,31,16,Iowa,49.50%,48.40%,47.60%,"1,004,908","983,933","2,030,935"
1990,32,17,Kansas,45.20%,44.10%,43.20%,"805,251","786,096","1,783,412"
1990,51,18,Kentucky,,33.60%,33.20%,,"916,010","2,722,356"
1990,45,19,Louisiana,,47.20%,46.20%,,"1,396,113","2,959,148"
1990,2,20,Maine,,57.30%,56.50%,,"522,181","910,982"
1990,52,21,Maryland,34.50%,32.70%,30.60%,"1,170,867","1,111,088","3,397,126"
1990,3,22,Massachusetts,55.30%,53.40%,50.30%,"2,424,579","2,341,990","4,384,671"
1990,23,23,Michigan,39.50%,38.30%,37.30%,"2,641,649","2,564,563","6,693,069"
1990,33,24,Minnesota,58.80%,57.60%,56.00%,"1,843,104","1,806,777","3,136,830"
1990,46,25,Mississippi,,20.20%,19.90%,,"368,502","1,824,156"
1990,34,26,Missouri,,36.20%,35.40%,,"1,352,552","3,740,308"
1990,64,27,Montana,57.00%,55.70%,55.10%,"326,652","319,336","573,045"
1990,35,28,Nebraska,53.40%,52.50%,51.40%,"604,195","593,828","1,131,746"
1990,65,29,Nevada,38.00%,37.40%,34.60%,"325,959","320,743","858,018"
1990,4,30,New Hampshire,37.80%,36.20%,35.40%,"307,700","294,819","814,549"
1990,12,31,New Jersey,36.80%,35.70%,32.60%,"1,998,894","1,938,454","5,429,251"
1990,66,32,New Mexico,41.80%,40.00%,38.20%,"429,509","411,236","1,026,902"
1990,13,33,New York,35.00%,33.10%,29.50%,"4,290,261","4,056,896","12,271,903"
1990,47,34,North Carolina,,41.90%,40.80%,,"2,069,585","4,938,968"
1990,36,35,North Dakota,52.00%,50.70%,50.20%,"240,301","233,973","461,711"
1990,24,36,Ohio,45.40%,43.60%,42.90%,"3,620,469","3,477,650","7,975,680"
1990,53,37,Oklahoma,41.30%,40.50%,39.40%,"929,639","911,314","2,251,719"
1990,72,38,Oregon,55.10%,54.10%,52.10%,"1,133,125","1,112,847","2,057,833"
1990,14,39,Pennsylvania,,34.10%,33.50%,,"3,052,760","8,962,083"
1990,5,40,Rhode Island,51.70%,50.20%,46.60%,"375,188","364,052","725,084"
1990,48,41,South Carolina,31.30%,30.00%,29.30%,"793,614","760,965","2,537,384"
1990,37,42,South Dakota,,52.30%,51.90%,,"258,976","494,849"
1990,54,43,Tennessee,,21.80%,21.40%,,"790,441","3,624,940"
1990,49,44,Texas,,35.30%,31.80%,,"3,892,746","11,034,190"
1990,67,45,Utah,42.20%,40.70%,39.60%,"457,983","442,213","1,086,050"
1990,6,46,Vermont,52.30%,50.90%,50.10%,"217,384","211,422","415,564"
1990,40,47,Virginia,,25.50%,24.50%,,"1,152,854","4,512,504"
1990,73,48,Washington,39.80%,38.40%,36.10%,"1,362,651","1,313,217","3,421,256"
1990,56,49,West Virginia,,30.00%,29.80%,,"404,305","1,347,723"
1990,25,50,Wisconsin,,39.00%,38.10%,,"1,379,727","3,541,548"
1990,68,51,Wyoming,52.50%,51.20%,50.20%,"164,309","160,109","312,961"
1988,0,0,United States,0.00%,52.80%,50.30%,,"91,594,691","173,579,281"
1988,41,1,Alabama,,47.50%,46.70%,,"1,378,476","2,901,744"
1988,81,2,Alaska,57.30%,56.40%,54.20%,"203,433","200,116","355,023"
1988,61,3,Arizona,49.10%,47.70%,44.90%,"1,204,169","1,171,873","2,454,254"
1988,42,4,Arkansas,,49.00%,48.20%,,"827,738","1,689,491"
1988,71,5,California,57.50%,55.70%,46.50%,"10,194,539","9,887,065","17,738,700"
1988,62,6,Colorado,60.80%,59.00%,57.30%,"1,416,265","1,372,394","2,327,768"
1988,1,7,Connecticut,61.40%,60.70%,57.20%,"1,461,962","1,443,394","2,379,699"
1988,11,8,Delaware,54.00%,52.90%,51.00%,"254,973","249,891","472,441"
1988,55,9,District of Columbia,43.50%,42.50%,38.40%,"197,135","192,877","453,636"
1988,43,10,Florida,,49.00%,44.60%,,"4,302,313","8,777,510"
1988,44,11,Georgia,,40.60%,39.10%,,"1,809,672","4,459,739"
1988,82,12,Hawaii,49.80%,47.90%,44.10%,"368,567","354,461","739,890"
1988,63,13,Idaho,63.10%,61.30%,59.90%,"421,213","408,968","667,345"
1988,21,14,Illinois,59.10%,57.30%,54.20%,"4,697,192","4,559,120","7,950,848"
1988,22,15,Indiana,55.60%,54.30%,53.60%,"2,222,811","2,168,621","3,996,319"
1988,31,16,Iowa,61.40%,60.60%,59.70%,"1,240,854","1,225,614","2,021,793"
1988,32,17,Kansas,,56.00%,54.90%,,"993,044","1,774,451"
1988,51,18,Kentucky,,49.30%,48.80%,,"1,322,517","2,680,364"
1988,45,19,Louisiana,,55.40%,54.20%,,"1,628,202","2,941,023"
1988,2,20,Maine,,62.50%,61.50%,,"555,035","888,612"
1988,52,21,Maryland,52.50%,51.60%,48.50%,"1,747,350","1,714,358","3,325,582"
1988,3,22,Massachusetts,61.30%,60.00%,56.70%,"2,689,857","2,632,801","4,385,728"
1988,23,23,Michigan,56.70%,55.50%,54.20%,"3,745,751","3,669,163","6,608,812"
1988,33,24,Minnesota,68.80%,67.90%,66.20%,"2,125,119","2,096,790","3,087,194"
1988,46,25,Mississippi,,52.00%,51.30%,,"931,527","1,792,847"
1988,34,26,Missouri,,56.60%,55.50%,,"2,093,713","3,696,905"
1988,64,27,Montana,66.70%,64.40%,63.70%,"378,981","365,674","568,014"
1988,35,28,Nebraska,60.30%,58.80%,57.80%,"678,669","661,465","1,125,252"
1988,65,29,Nevada,46.10%,45.60%,42.50%,"354,261","350,067","768,131"
1988,4,30,New Hampshire,57.80%,56.40%,55.20%,"462,503","451,074","800,468"
1988,12,31,New Jersey,57.10%,57.00%,52.50%,"3,102,502","3,099,553","5,435,008"
1988,66,32,New Mexico,53.40%,52.00%,49.80%,"535,694","521,287","1,002,876"
1988,13,33,New York,54.00%,52.70%,47.50%,"6,636,310","6,485,683","12,300,666"
1988,47,34,North Carolina,,44.50%,43.50%,,"2,134,370","4,794,041"
1988,36,35,North Dakota,66.20%,63.70%,63.20%,"309,100","297,261","466,684"
1988,24,36,Ohio,57.30%,55.80%,55.00%,"4,505,284","4,393,585","7,869,099"
1988,53,37,Oklahoma,53.10%,52.10%,50.90%,"1,192,815","1,171,036","2,245,785"
1988,72,38,Oregon,62.30%,60.60%,58.50%,"1,235,199","1,201,694","1,982,355"
1988,14,39,Pennsylvania,,51.00%,50.20%,,"4,536,251","8,892,826"
1988,5,40,Rhode Island,57.60%,56.10%,52.50%,"415,963","404,620","721,773"
1988,48,41,South Carolina,42.50%,40.20%,39.40%,"1,041,846","986,009","2,453,644"
1988,37,42,South Dakota,,63.40%,62.90%,,"312,991","494,034"
1988,54,43,Tennessee,,46.10%,45.30%,,"1,636,250","3,551,452"
1988,49,44,Texas,,50.10%,45.70%,,"5,427,410","10,833,436"
1988,67,45,Utah,63.40%,62.00%,60.50%,"661,546","647,008","1,043,170"
1988,6,46,Vermont,66.70%,60.10%,59.20%,"270,148","243,328","404,795"
1988,40,47,Virginia,,49.80%,47.90%,,"2,191,609","4,396,900"
1988,73,48,Washington,58.60%,56.80%,53.80%,"1,923,043","1,865,253","3,282,173"
1988,56,49,West Virginia,,48.50%,48.10%,,"653,311","1,347,692"
1988,25,50,Wisconsin,,62.80%,61.60%,,"2,191,608","3,489,742"
1988,68,51,Wyoming,59.20%,56.00%,55.10%,"186,417","176,551","315,073"
1986,0,0,United States,0.00%,38.10%,36.50%,,"64,991,128","170,396,029"
1986,41,1,Alabama,,43.10%,42.50%,,"1,236,230","2,869,652"
1986,81,2,Alaska,51.90%,51.40%,49.60%,"182,526","180,801","351,841"
1986,61,3,Arizona,38.40%,37.40%,35.30%,"889,668","866,984","2,319,046"
1986,42,4,Arkansas,,41.40%,40.80%,,"695,487","1,681,564"
1986,71,5,California,44.40%,43.40%,36.80%,"7,617,142","7,443,551","17,166,275"
1986,62,6,Colorado,47.50%,45.90%,44.70%,"1,096,867","1,060,765","2,309,652"
1986,1,7,Connecticut,43.70%,42.40%,40.10%,"1,025,605","993,692","2,344,327"
1986,11,8,Delaware,36.30%,35.30%,34.10%,"165,563","160,757","455,609"
1986,55,9,District of Columbia,28.80%,28.30%,25.90%,"134,158","131,802","465,993"
1986,43,10,Florida,,40.90%,37.50%,,"3,429,996","8,384,015"
1986,44,11,Georgia,,28.50%,27.50%,,"1,224,948","4,300,049"
1986,82,12,Hawaii,48.10%,46.70%,43.10%,"344,416","334,115","715,459"
1986,63,13,Idaho,59.30%,58.40%,57.20%,"392,909","387,426","663,126"
1986,21,14,Illinois,42.00%,39.70%,37.70%,"3,322,657","3,144,185","7,912,733"
1986,22,15,Indiana,41.10%,39.40%,39.00%,"1,619,005","1,555,505","3,943,714"
1986,31,16,Iowa,45.60%,45.10%,44.40%,"922,094","910,623","2,020,678"
1986,32,17,Kansas,,47.80%,47.00%,,"840,605","1,757,001"
1986,51,18,Kentucky,,25.50%,25.20%,,"677,280","2,661,218"
1986,45,19,Louisiana,,45.40%,44.60%,,"1,369,897","3,014,498"
1986,2,20,Maine,,49.70%,49.00%,,"426,861","858,200"
1986,52,21,Maryland,36.10%,34.60%,32.70%,"1,161,136","1,112,637","3,216,833"
1986,3,22,Massachusetts,41.10%,38.90%,36.90%,"1,777,276","1,684,079","4,326,264"
1986,23,23,Michigan,37.80%,36.80%,35.90%,"2,468,009","2,396,564","6,520,661"
1986,33,24,Minnesota,48.20%,46.80%,45.80%,"1,456,579","1,415,989","3,024,070"
1986,46,25,Mississippi,,29.40%,29.00%,,"523,563","1,782,721"
1986,34,26,Missouri,,40.40%,39.70%,,"1,477,327","3,655,213"
1986,64,27,Montana,57.10%,55.60%,55.00%,"326,436","317,862","572,113"
1986,35,28,Nebraska,51.50%,50.30%,49.50%,"577,916","564,422","1,123,099"
1986,65,29,Nevada,37.80%,37.40%,35.10%,"264,365","261,932","700,192"
1986,4,30,New Hampshire,33.80%,33.00%,32.40%,"257,410","250,966","760,526"
1986,12,31,New Jersey,30.40%,28.80%,26.70%,"1,639,330","1,553,544","5,396,487"
1986,66,32,New Mexico,41.40%,40.00%,38.50%,"408,621","394,833","987,220"
1986,13,33,New York,36.50%,35.00%,31.80%,"4,481,718","4,293,971","12,263,480"
1986,47,34,North Carolina,,34.20%,33.50%,,"1,591,330","4,653,016"
1986,36,35,North Dakota,62.30%,61.00%,60.50%,"295,177","289,013","473,962"
1986,24,36,Ohio,46.60%,40.10%,39.60%,"3,628,870","3,121,189","7,781,083"
1986,53,37,Oklahoma,40.80%,39.70%,38.80%,"934,447","909,925","2,290,182"
1986,72,38,Oregon,56.40%,54.90%,53.20%,"1,088,140","1,059,630","1,928,782"
1986,14,39,Pennsylvania,,38.40%,37.80%,,"3,388,275","8,820,459"
1986,5,40,Rhode Island,45.40%,43.00%,40.40%,"322,724","305,663","711,034"
1986,48,41,South Carolina,31.90%,31.50%,30.90%,"763,493","753,751","2,393,329"
1986,37,42,South Dakota,,60.10%,59.70%,,"295,830","492,333"
1986,54,43,Tennessee,,34.80%,34.30%,,"1,210,339","3,478,867"
1986,49,44,Texas,,31.90%,29.30%,,"3,442,368","10,786,533"
1986,67,45,Utah,43.50%,42.50%,41.50%,"445,499","435,111","1,024,337"
1986,6,46,Vermont,54.30%,50.50%,49.70%,"211,709","196,716","389,843"
1986,40,47,Virginia,,29.10%,28.10%,,"1,233,611","4,240,797"
1986,73,48,Washington,43.10%,42.40%,40.40%,"1,358,160","1,337,367","3,151,152"
1986,56,49,West Virginia,32.80%,29.90%,29.70%,"449,249","410,131","1,370,305"
1986,25,50,Wisconsin,,44.50%,43.70%,,"1,526,960","3,432,034"
1986,68,51,Wyoming,51.30%,50.10%,49.30%,"168,615","164,720","328,971"
1984,0,0,United States,0.00%,55.20%,53.30%,,"92,652,680","167,701,904"
1984,41,1,Alabama,,50.90%,50.30%,,"1,441,713","2,831,099"
1984,81,2,Alaska,62.10%,60.50%,58.60%,"213,173","207,605","343,030"
1984,61,3,Arizona,48.90%,47.70%,45.30%,"1,051,339","1,025,897","2,151,391"
1984,42,4,Arkansas,,53.00%,52.30%,,"884,406","1,668,136"
1984,71,5,California,58.90%,57.20%,49.30%,"9,796,375","9,505,423","16,618,345"
1984,62,6,Colorado,59.20%,57.10%,55.70%,"1,343,437","1,295,380","2,267,668"
1984,1,7,Connecticut,64.80%,63.80%,60.30%,"1,490,946","1,466,900","2,300,533"
1984,11,8,Delaware,58.40%,57.50%,55.90%,"258,182","254,572","442,354"
1984,55,9,District of Columbia,46.50%,44.80%,41.80%,"219,193","211,288","471,669"
1984,43,10,Florida,,52.40%,48.30%,,"4,180,051","7,976,805"
1984,44,11,Georgia,,43.10%,41.90%,,"1,776,120","4,119,852"
1984,82,12,Hawaii,50.30%,48.40%,44.70%,"349,253","335,846","694,187"
1984,63,13,Idaho,63.70%,62.00%,60.80%,"421,935","411,144","662,771"
1984,21,14,Illinois,62.70%,60.80%,57.90%,"4,969,352","4,819,088","7,922,605"
1984,22,15,Indiana,57.90%,57.00%,56.40%,"2,268,493","2,233,069","3,916,362"
1984,31,16,Iowa,65.10%,64.10%,63.30%,"1,339,886","1,319,805","2,057,482"
1984,32,17,Kansas,,58.40%,57.40%,,"1,021,991","1,751,223"
1984,51,18,Kentucky,,51.80%,51.20%,,"1,369,345","2,643,027"
1984,45,19,Louisiana,,56.50%,55.60%,,"1,706,822","3,019,930"
1984,2,20,Maine,,65.80%,64.90%,,"553,144","840,251"
1984,52,21,Maryland,54.50%,53.80%,51.10%,"1,695,924","1,675,873","3,113,967"
1984,3,22,Massachusetts,60.70%,59.90%,57.00%,"2,595,054","2,559,453","4,273,437"
1984,23,23,Michigan,60.60%,59.30%,58.00%,"3,884,854","3,801,658","6,407,156"
1984,33,24,Minnesota,70.90%,69.90%,68.60%,"2,115,317","2,084,449","2,982,015"
1984,46,25,Mississippi,,53.30%,52.70%,,"941,104","1,766,654"
1984,34,26,Missouri,,58.70%,57.80%,,"2,122,783","3,617,948"
1984,64,27,Montana,68.20%,66.40%,65.80%,"395,006","384,377","578,925"
1984,35,28,Nebraska,59.10%,57.50%,56.60%,"670,781","652,090","1,135,012"
1984,65,29,Nevada,44.80%,43.60%,41.10%,"294,413","286,667","656,862"
1984,4,30,New Hampshire,56.60%,54.10%,53.10%,"406,608","388,904","718,967"
1984,12,31,New Jersey,60.50%,60.50%,56.50%,"3,215,941","3,217,862","5,318,696"
1984,66,32,New Mexico,54.60%,53.80%,51.90%,"522,328","514,370","956,246"
1984,13,33,New York,57.20%,55.60%,50.90%,"7,000,828","6,806,810","12,232,120"
1984,47,34,North Carolina,,48.20%,47.30%,,"2,175,361","4,512,013"
1984,36,35,North Dakota,67.20%,64.00%,63.50%,"324,179","308,971","482,655"
1984,24,36,Ohio,60.30%,58.80%,58.00%,"4,664,223","4,547,619","7,732,456"
1984,53,37,Oklahoma,55.50%,54.00%,52.90%,"1,290,555","1,255,676","2,324,445"
1984,72,38,Oregon,66.40%,64.30%,62.50%,"1,265,824","1,226,527","1,906,880"
1984,14,39,Pennsylvania,,55.10%,54.30%,,"4,844,903","8,790,815"
1984,5,40,Rhode Island,60.60%,58.80%,55.50%,"422,851","410,492","697,537"
1984,48,41,South Carolina,43.70%,41.60%,40.90%,"1,018,701","968,529","2,329,080"
1984,37,42,South Dakota,,64.30%,63.80%,,"317,867","494,651"
1984,54,43,Tennessee,,50.10%,49.40%,,"1,711,994","3,415,760"
1984,49,44,Texas,,51.00%,47.40%,,"5,397,571","10,582,774"
1984,67,45,Utah,64.30%,63.00%,61.60%,"641,846","629,656","998,820"
1984,6,46,Vermont,61.60%,61.50%,60.50%,"235,140","234,561","381,479"
1984,40,47,Virginia,,52.40%,50.70%,,"2,146,635","4,100,160"
1984,73,48,Washington,62.90%,61.30%,58.60%,"1,931,546","1,883,910","3,072,714"
1984,56,49,West Virginia,,52.90%,52.50%,,"735,742","1,391,427"
1984,25,50,Wisconsin,,64.90%,63.80%,,"2,211,689","3,409,202"
1984,68,51,Wyoming,57.90%,55.80%,54.90%,"196,153","188,968","338,733"
1982,0,0,United States (Excl. Louisiana),0.00%,42.10%,40.70%,,"67,615,576","160,466,919"
1982,41,1,Alabama,,40.60%,40.10%,,"1,128,725","2,780,689"
1982,81,2,Alaska,64.90%,63.40%,61.50%,"199,458","194,885","307,558"
1982,61,3,Arizona,36.80%,36.00%,34.40%,"742,923","726,364","2,017,098"
1982,42,4,Arkansas,,48.10%,47.60%,,"789,351","1,639,482"
1982,71,5,California,49.90%,48.70%,42.70%,"8,064,314","7,876,698","16,161,555"
1982,62,6,Colorado,47.30%,43.50%,42.50%,"1,037,774","956,021","2,196,263"
1982,1,7,Connecticut,49.40%,48.10%,45.70%,"1,112,428","1,084,156","2,253,328"
1982,11,8,Delaware,45.50%,44.40%,43.30%,"195,726","190,960","430,257"
1982,55,9,District of Columbia,,25.00%,23.50%,,"117,623","470,719"
1982,43,10,Florida,,35.50%,33.00%,,"2,688,566","7,565,499"
1982,44,11,Georgia,,29.60%,28.90%,,"1,169,041","3,945,107"
1982,82,12,Hawaii,48.50%,46.50%,43.10%,"325,459","311,853","671,172"
1982,63,13,Idaho,51.10%,50.20%,49.30%,"332,237","326,522","650,534"
1982,21,14,Illinois,48.80%,46.50%,44.30%,"3,856,875","3,673,681","7,908,220"
1982,22,15,Indiana,47.30%,46.80%,46.30%,"1,834,225","1,817,287","3,879,314"
1982,31,16,Iowa,50.80%,50.20%,49.60%,"1,050,495","1,038,229","2,068,844"
1982,32,17,Kansas,,44.00%,43.30%,,"763,263","1,736,298"
1982,51,18,Kentucky,,26.80%,26.50%,,"700,322","2,615,445"
1982,45,19,Louisiana,,,,,,"2,982,702"
1982,2,20,Maine,,56.30%,55.50%,,"460,295","817,814"
1982,52,21,Maryland,39.20%,37.50%,35.90%,"1,190,011","1,139,149","3,034,834"
1982,3,22,Massachusetts,50.30%,49.00%,46.90%,"2,103,780","2,050,769","4,184,146"
1982,23,23,Michigan,49.30%,47.80%,46.80%,"3,135,928","3,040,008","6,357,552"
1982,33,24,Minnesota,62.30%,61.30%,60.30%,"1,834,737","1,804,675","2,943,169"
1982,46,25,Mississippi,,37.00%,36.60%,,"645,026","1,743,267"
1982,34,26,Missouri,,43.30%,42.70%,,"1,543,521","3,567,803"
1982,64,27,Montana,57.60%,56.40%,55.90%,"328,082","321,062","569,629"
1982,35,28,Nebraska,49.60%,48.50%,47.80%,"559,422","547,902","1,128,918"
1982,65,29,Nevada,39.10%,38.70%,36.70%,"242,578","240,394","621,060"
1982,4,30,New Hampshire,42.10%,41.20%,40.50%,"289,057","282,588","686,264"
1982,12,31,New Jersey,43.80%,42.00%,39.40%,"2,286,925","2,193,945","5,224,732"
1982,66,32,New Mexico,45.50%,44.30%,42.90%,"417,945","407,466","919,311"
1982,13,33,New York,44.90%,43.40%,40.00%,"5,437,367","5,254,891","12,118,685"
1982,47,34,North Carolina,,30.40%,29.80%,,"1,321,080","4,347,870"
1982,36,35,North Dakota,57.20%,55.00%,54.60%,"272,876","262,465","476,851"
1982,24,36,Ohio,46.20%,44.10%,43.60%,"3,551,995","3,395,463","7,692,059"
1982,53,37,Oklahoma,39.10%,38.40%,37.60%,"901,488","883,130","2,302,670"
1982,72,38,Oregon,56.10%,55.00%,53.50%,"1,063,913","1,042,009","1,895,706"
1982,14,39,Pennsylvania,,42.10%,41.50%,,"3,683,985","8,749,931"
1982,5,40,Rhode Island,54.20%,50.00%,47.40%,"370,928","342,779","684,977"
1982,48,41,South Carolina,30.40%,29.70%,29.20%,"688,300","671,625","2,260,577"
1982,37,42,South Dakota,,56.90%,56.60%,,"278,562","489,474"
1982,54,43,Tennessee,,37.50%,37.10%,,"1,259,785","3,357,236"
1982,49,44,Texas,,31.20%,29.20%,,"3,191,091","10,228,820"
1982,67,45,Utah,55.80%,55.10%,53.90%,"537,207","530,802","962,724"
1982,6,46,Vermont,46.10%,45.40%,44.60%,"172,084","169,251","372,982"
1982,40,47,Virginia,,35.70%,34.70%,,"1,415,622","3,960,296"
1982,73,48,Washington,46.80%,45.60%,43.60%,"1,404,831","1,368,476","2,999,997"
1982,56,49,West Virginia,,40.40%,40.10%,,"565,314","1,399,303"
1982,25,50,Wisconsin,,46.90%,46.10%,,"1,580,344","3,372,875"
1982,68,51,Wyoming,50.00%,49.00%,48.30%,"172,065","168,555","344,218"
1980,0,0,United States,0.00%,54.20%,52.60%,,"86,515,221","159,635,102"
1980,41,1,Alabama,,49.20%,48.70%,,"1,341,929","2,726,249"
1980,81,2,Alaska,60.20%,58.70%,57.10%,"162,653","158,445","270,122"
1980,61,3,Arizona,47.50%,46.20%,44.40%,"898,183","873,945","1,890,167"
1980,42,4,Arkansas,,52.00%,51.50%,,"837,582","1,610,104"
1980,71,5,California,56.20%,55.00%,48.90%,"8,775,459","8,587,063","15,610,966"
1980,62,6,Colorado,59.10%,57.20%,55.90%,"1,225,549","1,184,415","2,071,959"
1980,1,7,Connecticut,64.70%,63.90%,61.00%,"1,423,403","1,406,285","2,201,356"
1980,11,8,Delaware,56.80%,56.00%,54.70%,"239,136","235,900","421,344"
1980,55,9,District of Columbia,37.90%,37.20%,35.30%,"178,434","175,237","470,956"
1980,43,10,Florida,,52.00%,48.70%,,"3,686,930","7,088,658"
1980,44,11,Georgia,,42.10%,41.30%,,"1,596,695","3,791,652"
1980,82,12,Hawaii,49.20%,46.90%,43.60%,"318,026","303,287","646,583"
1980,63,13,Idaho,70.40%,69.00%,67.90%,"446,045","437,431","633,624"
1980,21,14,Illinois,61.90%,60.40%,57.80%,"4,868,890","4,749,721","7,868,300"
1980,22,15,Indiana,59.20%,58.30%,57.70%,"2,275,433","2,242,033","3,846,321"
1980,31,16,Iowa,63.50%,63.60%,62.90%,"1,314,258","1,317,661","2,070,935"
1980,32,17,Kansas,,57.50%,56.80%,,"979,795","1,704,420"
1980,51,18,Kentucky,,50.50%,49.90%,,"1,294,627","2,562,572"
1980,45,19,Louisiana,,54.00%,53.20%,,"1,548,591","2,868,792"
1980,2,20,Maine,,65.40%,64.60%,,"523,011","799,746"
1980,52,21,Maryland,52.50%,52.00%,50.00%,"1,557,709","1,540,496","2,964,704"
1980,3,22,Massachusetts,62.40%,61.40%,59.00%,"2,566,807","2,524,298","4,110,721"
1980,23,23,Michigan,62.40%,61.30%,60.00%,"3,978,647","3,909,725","6,374,955"
1980,33,24,Minnesota,72.10%,71.20%,70.00%,"2,079,451","2,051,980","2,882,406"
1980,46,25,Mississippi,,52.40%,51.90%,,"892,620","1,704,163"
1980,34,26,Missouri,,59.50%,58.80%,,"2,099,824","3,529,489"
1980,64,27,Montana,67.10%,65.60%,65.10%,"371,976","363,952","554,636"
1980,35,28,Nebraska,58.40%,57.50%,56.70%,"651,281","640,854","1,115,142"
1980,65,29,Nevada,51.90%,43.30%,41.10%,"297,318","247,885","573,118"
1980,4,30,New Hampshire,60.90%,58.10%,57.20%,"402,415","383,990","660,560"
1980,12,31,New Jersey,58.50%,58.10%,54.90%,"2,999,879","2,975,684","5,123,773"
1980,66,32,New Mexico,53.20%,52.30%,50.90%,"464,848","456,971","873,515"
1980,13,33,New York,53.00%,51.70%,48.00%,"6,359,218","6,201,959","12,006,100"
1980,47,34,North Carolina,,44.10%,43.40%,,"1,855,833","4,203,817"
1980,36,35,North Dakota,68.00%,65.20%,64.80%,"314,525","301,545","462,223"
1980,24,36,Ohio,57.30%,56.10%,55.40%,"4,378,937","4,283,603","7,637,813"
1980,53,37,Oklahoma,54.20%,53.20%,52.20%,"1,172,303","1,149,708","2,162,051"
1980,72,38,Oregon,64.30%,62.80%,61.40%,"1,209,691","1,181,516","1,880,863"
1980,14,39,Pennsylvania,,52.60%,52.00%,,"4,561,501","8,664,166"
1980,5,40,Rhode Island,62.70%,61.60%,58.60%,"423,349","416,072","675,067"
1980,48,41,South Carolina,42.40%,41.10%,40.40%,"922,397","894,071","2,176,721"
1980,37,42,South Dakota,,67.70%,67.30%,,"327,703","484,328"
1980,54,43,Tennessee,,49.20%,48.80%,,"1,617,616","3,285,608"
1980,49,44,Texas,,47.40%,44.90%,,"4,541,636","9,572,904"
1980,67,45,Utah,66.60%,66.00%,64.60%,"609,691","604,222","915,484"
1980,6,46,Vermont,59.30%,58.70%,57.80%,"215,500","213,299","363,143"
1980,40,47,Virginia,,48.70%,47.50%,,"1,866,032","3,830,887"
1980,73,48,Washington,60.60%,59.60%,57.40%,"1,772,904","1,742,394","2,923,670"
1980,56,49,West Virginia,53.50%,53.20%,52.80%,"742,150","737,715","1,387,231"
1980,25,50,Wisconsin,,68.40%,67.40%,,"2,273,221","3,322,053"
1980,68,51,Wyoming,55.40%,54.10%,53.40%,"181,004","176,713","326,644"
